Compound Score,Date,Negative Score,Neurtal Score,Positive Score,Tweet Text,Tweets Ago,Username
0.0,Tue Jul 31 05:25:52 +0000 2018,0.0,1.0,0.0,Andy Murray beats Mackenzie McDonald in Washington Open https://t.co/qqYsDkNXrJ,0,@BBCNews
-0.765,Tue Jul 31 05:16:07 +0000 2018,0.485,0.515,0.0,IS claims fatal Tajik attack on foreign cyclists https://t.co/2lKyjvwf11,0,@BBCNews
0.0,Tue Jul 31 03:48:56 +0000 2018,0.0,1.0,0.0,Lombok earthquake: 543 hikers evacuated from Mt Rinjani https://t.co/ceJLq1c6Y3,0,@BBCNews
-0.1431,Tue Jul 31 03:06:20 +0000 2018,0.064,0.936,0.0,RT @SallyBundockBBC: As the UK prepares to leave the EU how will this affect holidaymakers? What puts you off going abroad? Send your comme‚Ä¶,0,@BBCNews
0.0,Tue Jul 31 02:39:02 +0000 2018,0.0,1.0,0.0,"North Korea 'working on new missiles', US officials say https://t.co/6rKcNLDBKo",0,@BBCNews
-0.4215,Tue Jul 31 02:04:38 +0000 2018,0.237,0.763,0.0,Corrie Mckeague: Airman 'somewhere in Suffolk waste disposal system' https://t.co/MlWRfqjBvg,0,@BBCNews
-0.6808,Tue Jul 31 01:49:27 +0000 2018,0.384,0.616,0.0,Tom Watson accuses NEC member of being a 'loud mouthed bully' https://t.co/G2ecGupaHu,0,@BBCNews
0.0,Tue Jul 31 01:22:50 +0000 2018,0.0,1.0,0.0,Would you quote Rick Astley in your out-of-office? https://t.co/TWob9qKe8h,0,@BBCNews
-0.5859,Tue Jul 31 01:20:14 +0000 2018,0.226,0.774,0.0,England v India: Adil Rashid return 'a stab in the chest for county cricket' https://t.co/b7hSxAHK84,0,@BBCNews
-0.6908,Tue Jul 31 01:09:31 +0000 2018,0.402,0.598,0.0,UK man's rape conviction quashed in Sydney https://t.co/s0tgKoLw46,0,@BBCNews
0.0,Tue Jul 31 00:48:17 +0000 2018,0.0,1.0,0.0,In pictures: Behind the mask https://t.co/srsFQRz0da,0,@BBCNews
0.0,Tue Jul 31 00:37:54 +0000 2018,0.0,1.0,0.0,Women 'illegally buying abortion pill online' https://t.co/OAfddpLPOJ,0,@BBCNews
0.0,Tue Jul 31 00:22:55 +0000 2018,0.0,1.0,0.0,"Pupils unable to read is 'a scandal', says minister https://t.co/ng3nQZd61N",0,@BBCNews
-0.6369,Tue Jul 31 00:11:33 +0000 2018,0.344,0.656,0.0,"Sexual abuse 'endemic' in aid sector, say MPs https://t.co/eAEf02JI8B",0,@BBCNews
-0.6486,Mon Jul 30 23:15:51 +0000 2018,0.381,0.619,0.0,Tajikistan 'attack' leaves four foreign cyclists dead https://t.co/9PCue7xc88,0,@BBCNews
0.6369,Mon Jul 30 22:35:45 +0000 2018,0.0,0.656,0.344,Newspaper headlines: Love Island and the Manchester 'betrayal' https://t.co/fYAECjNWCE,0,@BBCNews
-0.1027,Mon Jul 30 22:05:18 +0000 2018,0.202,0.618,0.18,"Tuesday's Metro: ""Aid charities still shield sex abusers"" (via @AllieHBNews) #bbcpapers #tomorrowspaperstoday https://t.co/GVHgRDAzLG",0,@BBCNews
0.8402,Mon Jul 30 21:48:51 +0000 2018,0.0,0.529,0.471,Love Island: Dani Dyer and Jack Fincham win ITV2 series https://t.co/2bCcKGJrpV,0,@BBCNews
-0.6486,Mon Jul 30 21:48:34 +0000 2018,0.316,0.549,0.135,"Tuesday's Guardian: ""Aid charities failing to tackle endemic sexual abuse, say MPs"" (via @AllieHBNews) #bbcpapers‚Ä¶ https://t.co/aVGdnjfCAk",0,@BBCNews
-0.6705,Mon Jul 30 21:48:31 +0000 2018,0.273,0.727,0.0,"Tuesday's Mirror: ""Fortnite made me a suicidal drug addict"" (via @AllieHBNews) #bbcpapers #tomorrowspaperstoday https://t.co/0jG7cofBXc",0,@BBCNews
-0.1027,Mon Jul 30 21:42:05 +0000 2018,0.097,0.903,0.0,"Tuesday's Times: ""UK warns Brussels of tit-for-tat over #Brexit"" (via @AllieHBNews) #bbcpapers #tomorrowspaperstoday https://t.co/ApGHWKxOIL",0,@BBCNews
-0.2732,Mon Jul 30 21:42:01 +0000 2018,0.13,0.87,0.0,"Tuesday's Telegraph: ""Rail boss: our trains are envy of Europe"" (via @AllieHBNews) #bbcpapers #tomorrowspaperstoday https://t.co/t2uS1sCtsv",0,@BBCNews
-0.5106,Mon Jul 30 21:41:55 +0000 2018,0.202,0.798,0.0,"Tuesday's Express: ""How dare he insult 17m #Brexit voters"" (via @AllieHBNews) #bbcpapers #tomorrowspaperstoday https://t.co/Qd3zGLPUGD",0,@BBCNews
0.34,Mon Jul 30 21:41:48 +0000 2018,0.0,0.833,0.167,"Tuesday's i: ""End-of-life ruling is welcomed by families"" (via @AllieHBNews) #bbcpapers #tomorrowspaperstoday https://t.co/qyourIBUKx",0,@BBCNews
0.2732,Mon Jul 30 21:41:40 +0000 2018,0.0,0.877,0.123,"Tuesday's FT: ""Barnier warms to May's #Brexit plan after clarification over City"" (via @AllieHBNews) #bbcpapers‚Ä¶ https://t.co/zCmqZ0BO75",0,@BBCNews
-0.5574,Mon Jul 30 21:37:43 +0000 2018,0.265,0.735,0.0,James Gunn: Guardians of the Galaxy cast back fired director https://t.co/LobcR2ce9n,0,@BBCNews
-0.4215,Mon Jul 30 21:14:17 +0000 2018,0.318,0.682,0.0,Durex recalls condoms over split worries https://t.co/CM2ELjlgEp,0,@BBCNews
0.0,Mon Jul 30 20:43:11 +0000 2018,0.0,1.0,0.0,House of Fraser offered cash injection by Mike Ashley https://t.co/6wOTthfA6c,0,@BBCNews
0.3612,Mon Jul 30 19:55:17 +0000 2018,0.0,0.737,0.263,Trump says ready to meet Iran's Rouhani https://t.co/wVgHTepcXJ,0,@BBCNews
-0.802,Mon Jul 30 18:51:10 +0000 2018,0.506,0.494,0.0,Russia World Cup: Pussy Riot protesters detained on leaving jail https://t.co/Uz2cmL4Zzj,0,@BBCNews
-0.1779,Mon Jul 30 18:20:12 +0000 2018,0.333,0.388,0.279,Italy earthquake 'hero dog' found dead https://t.co/VLbC6Hb2LE,0,@BBCNews
-0.0516,Mon Jul 30 17:58:22 +0000 2018,0.13,0.87,0.0,EU piracy task force to leave UK post-Brexit https://t.co/CsgWWwjGlY,0,@BBCNews
0.0,Mon Jul 30 17:43:16 +0000 2018,0.0,1.0,0.0,RT @BBCWorld: Lionel Messi shows his üêï why he's the üêê https://t.co/UKTrKFiQTB,0,@BBCNews
0.0,Mon Jul 30 17:25:27 +0000 2018,0.0,1.0,0.0,England abortion pill rules 'out of step' https://t.co/1HUtQG2Crb,0,@BBCNews
0.5719,Mon Jul 30 17:20:12 +0000 2018,0.0,0.778,0.222,Geraint Thomas wins Tour de France: What does victory mean for Team Sky? https://t.co/u3xGhZxWX2,0,@BBCNews
-0.34,Mon Jul 30 16:59:34 +0000 2018,0.179,0.821,0.0,"Grenfell inquiry: 'My family are all dead', boy told fire officer https://t.co/eetlLvff5i",0,@BBCNews
0.0,Mon Jul 30 16:50:26 +0000 2018,0.0,1.0,0.0,Conservatives' #LoveIsland bottle promotion dropped https://t.co/vd1lCNIwZd,0,@BBCNews
0.0,Mon Jul 30 16:45:03 +0000 2018,0.0,1.0,0.0,"ü§î Where is #LoveIsland filmed?
ü§î How much do contestants earn?
ü§î Is the show staged?

Your most-searched‚Ä¶ https://t.co/gM5gG4GQZH",0,@BBCNews
-0.4215,Mon Jul 30 16:31:22 +0000 2018,0.259,0.741,0.0,Ofcom halts local TV roll-out over finance worries https://t.co/QGTwIx1ugQ,0,@BBCNews
-0.8481,Mon Jul 30 16:25:54 +0000 2018,0.568,0.432,0.0,Forced marriage: Parents jailed in Leeds over forced marriage https://t.co/CfGPuAkECn,0,@BBCNews
0.4767,Mon Jul 30 16:18:23 +0000 2018,0.0,0.871,0.129,RT @danroan: What does Geraint Thomas‚Äô Tour de France triumph mean for Team Sky and cycling after another year of controversy? https://t.co‚Ä¶,0,@BBCNews
-0.5106,Mon Jul 30 15:36:29 +0000 2018,0.163,0.837,0.0,"RT @bbcweather: Another low pressure system will arrive across the NW of the UK tomorrow, bringing wet and breezy weather to parts of Scotl‚Ä¶",0,@BBCNews
0.0,Mon Jul 30 14:48:36 +0000 2018,0.0,1.0,0.0,Scarlett Moffatt hits back at body shaming trolls https://t.co/w8uolerfLv,0,@BBCNews
0.0,Mon Jul 30 14:43:19 +0000 2018,0.0,1.0,0.0,Thread üîª https://t.co/rurP2c7XOK,0,@BBCNews
0.0,Mon Jul 30 14:32:26 +0000 2018,0.0,1.0,0.0,Are UK trains the 'envy' of Europe? https://t.co/0DaMrlTF6e,0,@BBCNews
0.0516,Mon Jul 30 14:27:18 +0000 2018,0.21,0.568,0.222,"Tyson Fury: Deontay Wilder deal almost done, says former world champion https://t.co/pFve4Up7Y3",0,@BBCNews
0.6808,Mon Jul 30 14:22:16 +0000 2018,0.0,0.763,0.237,"""The original team turned everything on its head... The key point was that the heroes were all kids"" #Beano80 

https://t.co/xKpcUTiOJO",0,@BBCNews
0.0,Mon Jul 30 13:54:46 +0000 2018,0.0,1.0,0.0,"As #LoveIsland ends...

What impact can appearing on reality TV have on your mental health? https://t.co/w4CryOsblK",0,@BBCNews
0.4019,Mon Jul 30 13:46:13 +0000 2018,0.0,0.891,0.109,RT @BBCRealityCheck: UK Foreign Secretary Jeremy Hunt is on an official visit to China to boost business between the two countries. How doe‚Ä¶,0,@BBCNews
0.25,Mon Jul 30 13:22:39 +0000 2018,0.0,0.818,0.182,"Meet the girls who dream of being Gurkhas

https://t.co/ZoG3dKjbcU https://t.co/RiPg6hZlAQ",0,@BBCNews
0.7506,Mon Jul 30 13:11:39 +0000 2018,0.0,0.439,0.561,Rivals eye Love Island's treasure trove https://t.co/bW1cWY57kO,0,@BBCNews
-0.7003,Mon Jul 30 13:04:11 +0000 2018,0.407,0.593,0.0,Modern slavery law review as gangs 'evolve' https://t.co/kGNjbdV3ql,0,@BBCNews
-0.3182,Mon Jul 30 12:50:07 +0000 2018,0.247,0.753,0.0,Canadian puddle splash van driver loses job https://t.co/OP0TOzfeQK,0,@BBCNews
-0.6249,Mon Jul 30 12:40:24 +0000 2018,0.406,0.594,0.0,Germany gripped by #MeTwo racism debate https://t.co/8GY0EfrVuF,0,@BBCNews
-0.8074,Mon Jul 30 12:38:46 +0000 2018,0.549,0.451,0.0,Wrestling world mourns death of three stars https://t.co/gAw4AutH35,0,@BBCNews
0.25,Mon Jul 30 12:35:14 +0000 2018,0.0,0.8,0.2,Giuliani: Trump lawyer's 'you' tweet sparks internet jokes https://t.co/SDhb0C1xSW,0,@BBCNews
-0.6908,Mon Jul 30 12:19:38 +0000 2018,0.388,0.612,0.0,France shocked by video of woman being slapped by harasser https://t.co/KbRzmskNv1,0,@BBCNews
-0.7184,Mon Jul 30 12:17:02 +0000 2018,0.462,0.538,0.0,Hapless finger-gun robber chased off from Paignton shops https://t.co/hZuLeEtKgj,0,@BBCNews
-0.7003,Mon Jul 30 12:14:17 +0000 2018,0.473,0.273,0.255,Man acquitted of rape loses Supreme Court criminal check case https://t.co/6tr2yj9OFl,0,@BBCNews
0.4939,Mon Jul 30 12:01:46 +0000 2018,0.0,0.802,0.198,"Emily Bronte: How she inspired Kate Bush, Sylvia Plath, Lily Cole and more https://t.co/LJq3xrGvlm",0,@BBCNews
0.4019,Mon Jul 30 11:44:57 +0000 2018,0.0,0.748,0.252,RT @BBCPolitics: Prime ministers and their holiday snaps https://t.co/vaGt8ZbOlS,0,@BBCNews
-0.7096,Mon Jul 30 11:25:07 +0000 2018,0.424,0.576,0.0,Why Jeremy Hunt's 'Japanese' wife gaffe is a bad mistake https://t.co/m0PRPiJRqf,0,@BBCNews
0.0,Mon Jul 30 11:00:00 +0000 2018,0.0,1.0,0.0,‚òÇÔ∏è‚òÇÔ∏è‚òÇÔ∏è‚òÇÔ∏è‚òÇÔ∏è‚òÇÔ∏è‚òÇÔ∏è‚òÇÔ∏è https://t.co/eoYyqGj5eE,0,@BBCNews
-0.0516,Mon Jul 30 10:44:00 +0000 2018,0.13,0.87,0.0,Celebrity divorce lawyer backs reform of 'archaic' laws https://t.co/J2aW3gKA9r,0,@BBCNews
0.0,Mon Jul 30 10:41:20 +0000 2018,0.0,1.0,0.0,"RT @BBCSport: What a picture! Take a look at this one and some of our other favourite sporting photos of the week ‚§µÔ∏è

https://t.co/t71aWWjJ‚Ä¶",0,@BBCNews
0.0,Mon Jul 30 10:07:47 +0000 2018,0.0,1.0,0.0,RT @bbcweather: Typical British summer weather made a brief appearance at the weekend üòâ But the heat will resume in the south again this we‚Ä¶,0,@BBCNews
-0.2192,Mon Jul 30 09:33:19 +0000 2018,0.198,0.637,0.165,"RT @BBCBreaking: Doctors and families can agree to allow people in long-term vegetative states to die without legal application, UK Supreme‚Ä¶",0,@BBCNews
0.0,Mon Jul 30 09:32:25 +0000 2018,0.0,1.0,0.0,The companies that prey on aspiring models https://t.co/uwViCczCOF,0,@BBCNews
-0.2244,Mon Jul 30 08:39:00 +0000 2018,0.086,0.914,0.0,"""My wife is Japanese... my wife is Chinese, sorry!"" - UK Foreign Secretary Jeremy Hunt has an awkward moment as he‚Ä¶ https://t.co/bZFR7V2KPK",0,@BBCNews
0.5994,Mon Jul 30 08:29:16 +0000 2018,0.0,0.813,0.187,"RT @BBCSport: Women's Super League club Liverpool Ladies have renamed themselves as Liverpool FC Women.

More: https://t.co/981ZPSVQ2t http‚Ä¶",0,@BBCNews
-0.7906,Mon Jul 30 08:04:26 +0000 2018,0.538,0.462,0.0,Birmingham police chase crash leaves woman dead https://t.co/AEBS43cejy,0,@BBCNews
-0.6808,Mon Jul 30 07:17:15 +0000 2018,0.217,0.735,0.048,"RT @BBCBenThompson: As one of Britain's largest travel firms stops selling tickets to marine parks that keep killer whales, we want to know‚Ä¶",0,@BBCNews
0.0,Mon Jul 30 07:12:43 +0000 2018,0.0,1.0,0.0,"RT @BBCr4today: It's the 80th anniversary of The Beano magazine which started in 1938, @Bobby_Seagull has a Beano themed #puzzlefortoday #r‚Ä¶",0,@BBCNews
0.6369,Mon Jul 30 07:11:15 +0000 2018,0.0,0.704,0.296,"The Beano: ""All our best ideas always come from kids"" https://t.co/x7sDqKT2hQ",0,@BBCNews
-0.3182,Mon Jul 30 07:09:22 +0000 2018,0.223,0.777,0.0,Mirror and Express owner slumps to ¬£113m loss https://t.co/KHANd6pSZm,0,@BBCNews
-0.128,Mon Jul 30 06:24:24 +0000 2018,0.165,0.728,0.107,RT @bbcweather: Low pressure remains in control of our weather today bringing fairly breezy conditions with sunny spells and bands of showe‚Ä¶,0,@BBCNews
-0.5719,Mon Jul 30 05:45:48 +0000 2018,0.439,0.561,0.0,Assam: Four million risk losing India citizenship https://t.co/n35tx9twYJ,0,@BBCNews
0.0,Mon Jul 30 05:28:12 +0000 2018,0.0,1.0,0.0,News Daily: Out-of-hours GPs and Zimbabwe goes to the polls https://t.co/FdqsK7nWQU,0,@BBCNews
-0.4588,Mon Jul 30 05:07:28 +0000 2018,0.188,0.812,0.0,Formula 1: 'Lewis Hamilton shows he will take some beating as momentum turns' https://t.co/rgqpmcAwxR,0,@BBCNews
0.0,Mon Jul 30 03:30:00 +0000 2018,0.0,1.0,0.0,'Panicked' kangaroo smashes way into Australian home https://t.co/XKsZKGSCpn,0,@BBCNews
0.0,Mon Jul 30 03:22:15 +0000 2018,0.0,1.0,0.0,Call for UK citizen ID system after Brexit https://t.co/cUHOJWVnC3,0,@BBCNews
0.4696,Mon Jul 30 02:58:44 +0000 2018,0.0,0.873,0.127,RT @SallyBundockBBC: Could this type of holiday face extinction? Should it? Send us your comments #BBCTheBriefing - I'll see you at 05:00 B‚Ä¶,0,@BBCNews
-0.2023,Mon Jul 30 02:56:04 +0000 2018,0.205,0.795,0.0,Rebels at heart: The Beano at 80 https://t.co/5at9hDLSUc,0,@BBCNews
-0.5267,Mon Jul 30 02:51:10 +0000 2018,0.298,0.702,0.0,Lombok earthquake: Hikers trapped on mountain after landslides https://t.co/MDSZOCf53V,0,@BBCNews
0.0,Mon Jul 30 02:46:09 +0000 2018,0.0,1.0,0.0,Zimbabwe election: Voters set for first ballot without Mugabe https://t.co/bWhOhCQz4N,0,@BBCNews
0.5574,Mon Jul 30 02:43:55 +0000 2018,0.0,0.69,0.31,Supreme Court to rule on vegetative state case https://t.co/WyJIlm8dpF,0,@BBCNews
-0.1531,Mon Jul 30 02:38:47 +0000 2018,0.186,0.814,0.0,Millions miss out on seven-day GP access https://t.co/YSRBmmAX3K,0,@BBCNews
-0.4404,Mon Jul 30 02:12:26 +0000 2018,0.326,0.674,0.0,Why Donald Trump attacks the media https://t.co/kbGLfR5pYR,0,@BBCNews
0.5719,Mon Jul 30 02:09:45 +0000 2018,0.0,0.519,0.481,A stylishly affordable success story https://t.co/mVFPd1Zn5I,0,@BBCNews
0.0,Mon Jul 30 02:00:20 +0000 2018,0.0,1.0,0.0,Scottish League Cup: Three all-Premiership ties in second round draw https://t.co/xT2AUycpi8,0,@BBCNews
-0.5849,Mon Jul 30 01:48:52 +0000 2018,0.375,0.625,0.0,Northern: Most cancelled services to resume after timetable disruption https://t.co/47iVFeaMjc,0,@BBCNews
-0.2023,Mon Jul 30 00:07:50 +0000 2018,0.343,0.448,0.209,Novichok: Safety measures at victim Dawn Sturgess' funeral https://t.co/bdMIRBrfHh,0,@BBCNews
-0.34,Sun Jul 29 23:07:09 +0000 2018,0.255,0.745,0.0,California fire: Deadly blazes continues to grow https://t.co/RsRdk38eQX,0,@BBCNews
-0.8316,Sun Jul 29 22:54:30 +0000 2018,0.494,0.506,0.0,Newspaper headlines: 'Brexit food crisis fury' and 'Welsh wonder' https://t.co/2eA1TjPi5w,0,@BBCNews
-0.2263,Sun Jul 29 21:22:39 +0000 2018,0.147,0.853,0.0,French skier who disappeared in Italy in 1954 is finally identified https://t.co/ZJoDzFy5Fq,0,@BBCNews
0.6369,Sun Jul 29 20:38:41 +0000 2018,0.0,0.704,0.296,Love Island: Where is Jack from? And other questions answered https://t.co/DOBSVMuAcb,0,@BBCNews
-0.5859,Sun Jul 29 20:13:35 +0000 2018,0.348,0.652,0.0,BT loses TV rights for 'ultimate fighting' and NBA basketball https://t.co/l0YJellC52,0,@BBCNews
0.0,Sun Jul 29 19:56:00 +0000 2018,0.0,1.0,0.0,Women's World Cup: England beat Ireland to seal crossover phase place https://t.co/lHWHNfeCPk,0,@BBCNews
0.0,Sun Jul 29 18:06:21 +0000 2018,0.0,1.0,0.0,Tour de France: 'Geraint Thomas has tamed a race in which he appeared cursed' https://t.co/ljCYAIkErk,0,@BBCNews
-0.3612,Sun Jul 29 18:01:13 +0000 2018,0.238,0.762,0.0,Ethiopian dam engineer Simegnew Bekele's funeral draws thousands https://t.co/VVgdr839M8,0,@BBCNews
-0.5423,Tue Jul 31 05:33:03 +0000 2018,0.36,0.64,0.0,Superintendent accused of defecating on school track resigns https://t.co/20rG9z7WKD https://t.co/NcKbCFEhT9,0,@CBSNews
0.5267,Tue Jul 31 05:18:04 +0000 2018,0.0,0.673,0.327,"Animal lovers decry ""pet leasing"" contracts https://t.co/zwxRi2O2xP https://t.co/Pa6QFV5Ll5",0,@CBSNews
0.0,Tue Jul 31 05:10:06 +0000 2018,0.0,1.0,0.0,"Publix says dogs aren't allowed in store shopping carts, including service animals https://t.co/EtkiS01zhI https://t.co/KwdDlaDDWz",0,@CBSNews
0.1027,Tue Jul 31 05:03:03 +0000 2018,0.154,0.662,0.184,Renting versus buying: Advantages of buying at a six-year low https://t.co/UhyQCZU4vN https://t.co/WYUveOs7VA,0,@CBSNews
0.0,Tue Jul 31 04:48:04 +0000 2018,0.0,1.0,0.0,"Roy Moore takes ""pedophile detection"" test on ""Who is America?"" https://t.co/wE5Ew3fIAO https://t.co/Mk0Av4C33N",0,@CBSNews
-0.7783,Tue Jul 31 04:33:03 +0000 2018,0.438,0.562,0.0,Prosecutor: No charges for Minneapolis officers in black man's fatal shooting https://t.co/m5MG9PRoZa https://t.co/oKvi4ZVfMk,0,@CBSNews
-0.7717,Tue Jul 31 04:18:04 +0000 2018,0.391,0.609,0.0,"Man who lost wife, great-grandchildren in Carr Fire recalls their heartbreaking final words https://t.co/yQkwJpFb0Q https://t.co/jLt3iWeIId",0,@CBSNews
0.0,Tue Jul 31 04:03:04 +0000 2018,0.126,0.748,0.126,Young horn shark stolen from aquarium in Texas safely returned after man allegedly tried to sell the creature on Fa‚Ä¶ https://t.co/vimjwo4xoI,0,@CBSNews
0.0,Tue Jul 31 03:54:05 +0000 2018,0.126,0.748,0.126,Young horn shark stolen from aquarium in Texas safely returned after man allegedly tried to sell the creature on Fa‚Ä¶ https://t.co/FFL2jDKIRj,0,@CBSNews
-0.296,Tue Jul 31 03:48:04 +0000 2018,0.155,0.845,0.0,New details emerge in case of missing University of Iowa student https://t.co/8yBOCZ8Avf https://t.co/tyNK0u9WqG,0,@CBSNews
0.0,Tue Jul 31 03:33:03 +0000 2018,0.0,1.0,0.0,How do you get hookworms? Teen's infection raises questions https://t.co/cdXUpdIjyd https://t.co/dadE368uLS,0,@CBSNews
-0.8271,Tue Jul 31 03:18:05 +0000 2018,0.435,0.565,0.0,Cruise ship guards' killing of polar bear sparks international outrage https://t.co/q3mzshFf6l https://t.co/Yb5mABXOVn,0,@CBSNews
0.4939,Tue Jul 31 03:03:04 +0000 2018,0.0,0.738,0.262,Commentary: Could Democrat James Carville save the GOP? https://t.co/hgkb9dn21d https://t.co/BPghMQYW6p,0,@CBSNews
0.6597,Tue Jul 31 02:39:58 +0000 2018,0.102,0.586,0.312,WATCH: Adorable 2-year-old girl is trying to help firefighters keep their energy up as they battle California blaze‚Ä¶ https://t.co/NZiIsZvYWY,0,@CBSNews
-0.6369,Tue Jul 31 02:27:57 +0000 2018,0.276,0.724,0.0,"4 people, including child, fatally shot in Queens, New York City https://t.co/mbakNx1Jsr https://t.co/VBjzBIUM4m",0,@CBSNews
0.0,Tue Jul 31 02:19:44 +0000 2018,0.0,1.0,0.0,Celebrity chef Guy Fieri served barbecue to hundreds of California wildfire evacuees and it's not the first time he‚Ä¶ https://t.co/O7TVyE7a1y,0,@CBSNews
0.0,Tue Jul 31 01:59:37 +0000 2018,0.0,1.0,0.0,"Homeless man seen in viral video getting a shave officially hired by McDonald's, starts Tuesday‚Ä¶ https://t.co/Y3PBYwLDcy",0,@CBSNews
0.3182,Tue Jul 31 01:39:34 +0000 2018,0.0,0.85,0.15,Bernie Sanders' former campaign manager urges Democrats to embrace a progressive candidate in 2020‚Ä¶ https://t.co/Cop6gWinkK,0,@CBSNews
-0.4019,Tue Jul 31 01:19:32 +0000 2018,0.239,0.629,0.132,Home-alarm ripoffs and solar energy installation scams target more consumers https://t.co/Cg4S5Hp4An https://t.co/biJePaXDgZ,0,@CBSNews
0.4588,Tue Jul 31 00:59:55 +0000 2018,0.0,0.864,0.136,"Acts of kindness emerge amid deadly California wildfires, as firefighters work 24 hour shifts to try to contain mul‚Ä¶ https://t.co/zQ5VjEpcxX",0,@CBSNews
-0.34,Tue Jul 31 00:39:54 +0000 2018,0.112,0.888,0.0,Alaska Airlines is under fire after a passenger's post on social media states that a gay couple was separated on a‚Ä¶ https://t.co/hS8o4bMF2B,0,@CBSNews
0.8519,Tue Jul 31 00:19:37 +0000 2018,0.0,0.671,0.329,Is it safe for breastfeeding moms to drink alcohol? A new study suggests it might be smart to limit the happy hour‚Ä¶ https://t.co/DSPrb51wcN,0,@CBSNews
-0.128,Tue Jul 31 00:00:01 +0000 2018,0.105,0.819,0.076,"Lawmakers want answers about controversial TSA program ""Quiet Skies"" that tracked airline passengers, including man‚Ä¶ https://t.co/P16kKKElF4",0,@CBSNews
0.0,Mon Jul 30 23:39:31 +0000 2018,0.0,1.0,0.0,Claims in NFL concussion settlement hit $500 million in less than 2 years https://t.co/AH9sVuVV1M https://t.co/9jug8aQ6Gi,0,@CBSNews
0.5574,Mon Jul 30 23:19:38 +0000 2018,0.0,0.813,0.187,"The Red Cross offers Amazon gift cards to those who donate blood in the next 30 days, after the nonprofit announced‚Ä¶ https://t.co/NxdFsoTJuT",0,@CBSNews
0.2263,Mon Jul 30 22:59:40 +0000 2018,0.0,0.909,0.091,Some states are¬†rushing to sue the federal¬†government over its decision to¬†allow a Texas company to publish¬†bluepri‚Ä¶ https://t.co/9VHojiEztb,0,@CBSNews
-0.6908,Mon Jul 30 22:55:58 +0000 2018,0.263,0.737,0.0,"FEMA personnel chief Corey Coleman is accused of widespread sexual harassment at the agency.

@jeffpeguescbs has th‚Ä¶ https://t.co/MYby5N0HME",0,@CBSNews
0.0,Mon Jul 30 22:50:55 +0000 2018,0.0,1.0,0.0,"RT @CBSEveningNews: CBS board of directors announced plans to investigate CBS CEO Les Moonves.

Moonves remains in place pending investigat‚Ä¶",0,@CBSNews
-0.2023,Mon Jul 30 22:50:40 +0000 2018,0.087,0.913,0.0,"More than 1,300 firefighters rotate on 24-hour shifts to battle the California fires, but they often have to fight‚Ä¶ https://t.co/mJ9Tq2VpiQ",0,@CBSNews
-0.6597,Mon Jul 30 22:43:48 +0000 2018,0.248,0.677,0.074,"‚ÄúGrandpa, please,¬†you got to come and get us.¬†The fire is at the back door‚Äù: Man recounts the tragic loss of his wi‚Ä¶ https://t.co/V42UsT5bE1",0,@CBSNews
-0.34,Mon Jul 30 22:39:47 +0000 2018,0.098,0.902,0.0,"@jeffglor is on the scene in Redding, California, the location of the Carr Fire, one of 17 blazes in the state, tha‚Ä¶ https://t.co/YpHOoUqIQv",0,@CBSNews
0.0,Mon Jul 30 22:29:34 +0000 2018,0.0,1.0,0.0,"FEMA official being investigated for sexual misconduct, after allegedly hiring women, and transferring some into de‚Ä¶ https://t.co/omLQkueRg7",0,@CBSNews
0.0,Mon Jul 30 22:14:49 +0000 2018,0.0,1.0,0.0,"School district to get rid of snow days, have students work from home instead https://t.co/wDaaC9To1v https://t.co/ctQnyyojCV",0,@CBSNews
0.0,Mon Jul 30 22:14:21 +0000 2018,0.0,1.0,0.0,"@Elaine_Quijano: What did Rudy Giuliani tell you about a potential Trump-Mueller interview?

@MajorCBS: That it‚Äôs s‚Ä¶ https://t.co/RhT4LFPQht",0,@CBSNews
0.4588,Mon Jul 30 22:00:33 +0000 2018,0.0,0.842,0.158,"America's favorite bromance continues: Barack Obama and Joe Biden spotted together at Washington, D.C. bakery that‚Ä¶ https://t.co/bcdzBZfUV3",0,@CBSNews
0.6705,Mon Jul 30 21:44:31 +0000 2018,0.0,0.686,0.314,"Attorney General Jeff Sessions announces the creation of a ""religious liberty task force"" https://t.co/zGaIt5OpsP https://t.co/kvgrcd5u3x",0,@CBSNews
0.5719,Mon Jul 30 21:30:00 +0000 2018,0.0,0.812,0.188,A girls video game camp in the Playstation headquarters aims to inspire the next generation of designers‚Ä¶ https://t.co/hfAWqMlRd8,0,@CBSNews
-0.3182,Mon Jul 30 21:09:55 +0000 2018,0.099,0.901,0.0,"Canada Dry is being sued over the lack of ginger in their ginger ale, after a woman alleges she drank the beverage‚Ä¶ https://t.co/l5wiGF4A3l",0,@CBSNews
0.0,Mon Jul 30 20:49:54 +0000 2018,0.0,1.0,0.0,"Bridesmaid begs JetBlue for refund of cross-country flight after bride asks her ""to relinquish"" her role in the wed‚Ä¶ https://t.co/oSudVe1SA6",0,@CBSNews
0.1655,Mon Jul 30 20:34:43 +0000 2018,0.0,0.93,0.07,"""This is a huge moment, not only in my life, my family's life, and my foundation, but for these kids and the whole‚Ä¶ https://t.co/CbanGUvnCE",0,@CBSNews
0.0,Mon Jul 30 20:28:57 +0000 2018,0.0,1.0,0.0,"""Homeless, hungry 4 success"": Man holds unusual sign and hands out resumes by the side of the road. A passerby's so‚Ä¶ https://t.co/OiBuzM3Ftz",0,@CBSNews
0.34,Mon Jul 30 20:05:13 +0000 2018,0.1,0.739,0.161,"WATCH: Desperate man goes from ""Homeless, hungry 4 success"" to receiving hundreds of job offers after a photo of hi‚Ä¶ https://t.co/4Y1fwamxdv",0,@CBSNews
-0.1531,Mon Jul 30 19:51:01 +0000 2018,0.127,0.769,0.104,Sustainable Development Goals set in 2015 aim to raise millions out of poverty and help put the world on a path to‚Ä¶ https://t.co/xn3xDvfpXt,0,@CBSNews
0.7096,Mon Jul 30 19:35:51 +0000 2018,0.0,0.742,0.258,Sen. Rand Paul says he will endorse Supreme Court nominee Brett Kavanaugh despite misgivings about the judge's view‚Ä¶ https://t.co/rKNdYmHdrO,0,@CBSNews
0.4939,Mon Jul 30 19:20:34 +0000 2018,0.0,0.868,0.132,"""Each of us looks forward to working with our friend James again in the future."" Chris Pratt and his fellow ""Guardi‚Ä¶ https://t.co/JDG8CAXlev",0,@CBSNews
-0.4588,Mon Jul 30 19:06:44 +0000 2018,0.153,0.787,0.06,Sick of the law enforcement lip synch challenge videos sweeping the nation? Welcome's to the Norfolk Sheriff's hous‚Ä¶ https://t.co/4Oe4l5ELu4,0,@CBSNews
0.34,Mon Jul 30 18:54:56 +0000 2018,0.0,0.876,0.124,"""Certainly everything is open to negotiation for any president dealing with Congress, @MajorCBS says of President T‚Ä¶ https://t.co/au6clPPCOt",0,@CBSNews
-0.296,Mon Jul 30 18:51:51 +0000 2018,0.095,0.905,0.0,"""The president said he is open to talks with Iran at the highest levels with no preconditions. I don't think and no‚Ä¶ https://t.co/yEQcSbrMlx",0,@CBSNews
0.2732,Mon Jul 30 18:50:05 +0000 2018,0.0,0.877,0.123,"""As defined from a populous perspective or a nationalist perspective, they are in certain ways aligned ideologicall‚Ä¶ https://t.co/4NhKBlKmxe",0,@CBSNews
0.4019,Mon Jul 30 18:43:34 +0000 2018,0.0,0.85,0.15,"""I would certainly meet with Iran if they want to meet. I do not know if they are ready,"" Pres. Trump said, adding‚Ä¶ https://t.co/Sr3zKt17oR",0,@CBSNews
0.0,Mon Jul 30 18:38:58 +0000 2018,0.0,1.0,0.0,"Julie Chen adamantly defends husband, CBS CEO Les Moonves, on ""The Talk"": ""I will stand by this statement today, to‚Ä¶ https://t.co/5rlVxluOD7",0,@CBSNews
0.0,Mon Jul 30 18:35:28 +0000 2018,0.0,1.0,0.0,"Trump on NATO meeting: ""I went to NATO, NATO was essentially going out of business because people were not paying a‚Ä¶ https://t.co/gh9ZhmDqVE",0,@CBSNews
-0.6939,Mon Jul 30 18:27:28 +0000 2018,0.264,0.736,0.0,Despite President Trump repeating threat to shutdown government if $25B isn't approved for border wall and Congress‚Ä¶ https://t.co/usHH0N9FRv,0,@CBSNews
0.0,Mon Jul 30 18:17:52 +0000 2018,0.0,1.0,0.0,"President Trump on government shutdown: ""As far as the border is concerned and personally, if we do not get border‚Ä¶ https://t.co/jQjgebSHCU",0,@CBSNews
0.8555,Mon Jul 30 18:15:08 +0000 2018,0.0,0.63,0.37,"""The prime minister and I are united in our conviction that strong nations must have a strong borders,"" President T‚Ä¶ https://t.co/7Pxx4Ww2H7",0,@CBSNews
0.0,Mon Jul 30 18:09:38 +0000 2018,0.0,1.0,0.0,WATCH NOW: President Trump holds joint news conference with Italian Prime Minister Giuseppe Conte‚Ä¶ https://t.co/h0iLqiXjbR,0,@CBSNews
-0.6705,Mon Jul 30 18:00:38 +0000 2018,0.209,0.791,0.0,Norwegian authorities defended the actions of guards from a German cruise ship that killed a polar bear that attack‚Ä¶ https://t.co/EF9HTiPTmV,0,@CBSNews
-0.7351,Mon Jul 30 17:44:47 +0000 2018,0.36,0.64,0.0,"Battalion chief on California evacuation warnings, ""new normal"" of destructive wildfires https://t.co/ur1X5GEoH0 https://t.co/FVL8bA3HG0",0,@CBSNews
0.0,Mon Jul 30 17:30:35 +0000 2018,0.197,0.657,0.146,"Tyson Foods is cutting its profit forecast, citing higher tariffs and uncertainty about trade policies‚Ä¶ https://t.co/vNdz4a7lZa",0,@CBSNews
0.0,Mon Jul 30 17:14:44 +0000 2018,0.0,1.0,0.0,Thousands more fled their homes after wildfires surged near a small lake town in Northern California‚Ä¶ https://t.co/h1b6w0OULw,0,@CBSNews
-0.7269,Mon Jul 30 17:02:36 +0000 2018,0.295,0.705,0.0,"""Sinking coffins"": New lawsuit seeks $100 million in damages on behalf of duck boat victims, alleging the owners an‚Ä¶ https://t.co/4H13N3Dzgr",0,@CBSNews
0.1197,Mon Jul 30 16:45:15 +0000 2018,0.141,0.699,0.159,"SHARK WEAK: Fisherman catches a great white shark less than a mile off the Rhode Island coast, then films it thrash‚Ä¶ https://t.co/FPq4u9trCT",0,@CBSNews
0.0,Mon Jul 30 16:41:03 +0000 2018,0.0,1.0,0.0,MOMENTS AGO: President Trump meets with Italian Prime Minister Giuseppe Conte https://t.co/ILVmoXBlJW https://t.co/DTtXQUbb9o,0,@CBSNews
0.1779,Mon Jul 30 16:34:22 +0000 2018,0.0,0.925,0.075,"RT @CBSEveningNews: TONIGHT: @jeffglor anchors the CBS Evening News from Redding, CA - as the deadly and growing wildfires force tens of th‚Ä¶",0,@CBSNews
-0.5267,Mon Jul 30 16:29:52 +0000 2018,0.239,0.761,0.0,Man forced to pay nearly $9 million for having affair with other man's wife https://t.co/XxIKxOaeCT https://t.co/3bzTRobxPT,0,@CBSNews
-0.3818,Mon Jul 30 16:14:36 +0000 2018,0.148,0.852,0.0,"Advances in IVF testing spurring debate over ""mosaic"" embryos that some fertility experts disagree on‚Ä¶ https://t.co/A7DFchmDr4",0,@CBSNews
-0.5994,Mon Jul 30 16:06:10 +0000 2018,0.163,0.837,0.0,"""Since 1999, there have been 42 deaths associated with duck boats...60 million people would die if cars were as dan‚Ä¶ https://t.co/WP3HsBw0pq",0,@CBSNews
-0.2263,Mon Jul 30 16:04:07 +0000 2018,0.101,0.899,0.0,"""Duck boats are sinking coffins,"" attorney says while describing lawsuit seeking $100million for families of duck b‚Ä¶ https://t.co/TUo8095eUE",0,@CBSNews
-0.7506,Mon Jul 30 16:02:43 +0000 2018,0.314,0.686,0.0,WATCH: Attorneys describe lawsuit seeking $100 million for families of people killed on Duck Boat‚Ä¶ https://t.co/oGygdbCIyy,0,@CBSNews
-0.6486,Mon Jul 30 16:00:01 +0000 2018,0.301,0.699,0.0,"Brian Christopher Lawler, former WWE star, dead at 46 https://t.co/vi4lMkkAjW https://t.co/rFYDnvtPZM",0,@CBSNews
0.6124,Mon Jul 30 15:45:13 +0000 2018,0.0,0.808,0.192,"""I was talking to my little grandson on the phone, he was saying, 'Grandpa, please, you gotta come and help us, the‚Ä¶ https://t.co/C2pVp4JseP",0,@CBSNews
0.6124,Mon Jul 30 15:29:50 +0000 2018,0.0,0.706,0.294,"President Trump's economic team sees continued robust growth, despite widely held outside opinion‚Ä¶ https://t.co/TDhCjNZOfI",0,@CBSNews
0.0,Mon Jul 30 15:14:30 +0000 2018,0.0,1.0,0.0,ISIS kidnaps dozens of women and girls in deadly Syria raids https://t.co/hl5GRODCiU https://t.co/iKVxQx0wOM,0,@CBSNews
-0.743,Mon Jul 30 14:59:35 +0000 2018,0.411,0.478,0.11,"Pope accepts resignation of Archbishop Philip Wilson, convicted of sex abuse cover-up https://t.co/VyJPDXTIfU https://t.co/D9oPCYp6Vx",0,@CBSNews
0.0,Mon Jul 30 14:44:38 +0000 2018,0.0,1.0,0.0,"Social media users are ""fawning"" over a photo of a California Highway Patrol officer getting ""kissed"" by a baby dee‚Ä¶ https://t.co/pOQ6bctwpJ",0,@CBSNews
0.5945,Mon Jul 30 14:29:38 +0000 2018,0.0,0.805,0.195,"85-year-old Ruth Bader Ginsburg aims to serve ""at least five more years"" on Supreme Court https://t.co/Z9A0ASTHNM https://t.co/LeFebnMZkV",0,@CBSNews
0.0,Mon Jul 30 14:14:36 +0000 2018,0.0,1.0,0.0,"Big Mac is 50, and McDonald's is sticking with the aging icon https://t.co/KncDhMvmlS https://t.co/HNZNBCSaVL",0,@CBSNews
0.0,Mon Jul 30 13:59:39 +0000 2018,0.0,1.0,0.0,Caesars will start taking sports bets in two states https://t.co/Rjhqeq92Zi https://t.co/h4GdYAzItK,0,@CBSNews
0.0,Mon Jul 30 13:44:52 +0000 2018,0.0,1.0,0.0,U.S. firms seeking President Trump's steel tariff waiver face backlash https://t.co/TN6anAsonF https://t.co/r6PeEKiuQk,0,@CBSNews
-0.0516,Mon Jul 30 13:29:54 +0000 2018,0.074,0.926,0.0,"""Medicare for all"" plan touted by Bernie Sanders would cost $32.6 trillion, study finds https://t.co/7eqKM21V5Z https://t.co/R7Svzw7tNC",0,@CBSNews
-0.5267,Mon Jul 30 13:14:44 +0000 2018,0.254,0.746,0.0,Hundreds of tourists trapped on Indonesia volcano after earthquake https://t.co/v3mq1WEtJ6 https://t.co/aRy9wSIjW5,0,@CBSNews
0.5766,Mon Jul 30 13:00:21 +0000 2018,0.0,0.809,0.191,DREAM DRESS: A father worked three jobs to buy his daughter her dream dress dress for the 8th grade dance. His surp‚Ä¶ https://t.co/FGqe626d96,0,@CBSNews
-0.4019,Mon Jul 30 12:39:34 +0000 2018,0.172,0.828,0.0,Nearly $1 million medical bill for Utah inmate highlights problem for jails https://t.co/pTWuz08caE https://t.co/gNBjzqkP2i,0,@CBSNews
0.0,Mon Jul 30 12:19:32 +0000 2018,0.0,1.0,0.0,"Sea mammal on brink of extinction targeted by ""mafias"" in Baja, Mexico https://t.co/OOzCSJnDp5 https://t.co/mE7tzp1835",0,@CBSNews
0.6124,Mon Jul 30 11:59:55 +0000 2018,0.0,0.808,0.192,"""I was talking to my little grandson on the phone, he was saying, 'Grandpa, please, you gotta come and help us, the‚Ä¶ https://t.co/m62WdiOhAm",0,@CBSNews
-0.7506,Mon Jul 30 11:40:22 +0000 2018,0.299,0.701,0.0,Authorities have released dramatic body camera footage from a frantic foot chase and fatal shooting of 31-year-old‚Ä¶ https://t.co/r4OQg0OhIL,0,@CBSNews
0.0,Mon Jul 30 11:20:01 +0000 2018,0.0,1.0,0.0,Probe into Flight 370 mystery highlights shortcomings https://t.co/iT8MCvRkNH https://t.co/gwm5vGDosK,0,@CBSNews
-0.7579,Mon Jul 30 10:59:41 +0000 2018,0.277,0.723,0.0,California wildfires: Firefighter struck by a tree and killed while working as part of a crew removing brush and ot‚Ä¶ https://t.co/RMb7t0YUsc,0,@CBSNews
-0.6705,Mon Jul 30 10:47:50 +0000 2018,0.191,0.809,0.0,"The #CarrFire has burned nearly 150 square miles and has killed six people, including three members of one family.‚Ä¶ https://t.co/m0BKdySgab",0,@CBSNews
-0.4215,Mon Jul 30 10:39:56 +0000 2018,0.234,0.625,0.141,13 killed as van carrying wedding party in Vietnam slams into truck https://t.co/D0mbfMhB2O https://t.co/R1HHgJACgS,0,@CBSNews
0.0,Mon Jul 30 10:34:58 +0000 2018,0.0,1.0,0.0,"Ahead on @CBSThisMorning, Trayvon Martin's father joins us in Studio 57 along with filmmakers Jenner Furst and Juli‚Ä¶ https://t.co/JJ3ztWfvEc",0,@CBSNews
-0.5423,Mon Jul 30 10:19:31 +0000 2018,0.226,0.774,0.0,Minneapolis police release bodycam videos in fatal shooting of black man https://t.co/3rGitPEyta https://t.co/mS5QuLVtYz,0,@CBSNews
-0.5719,Mon Jul 30 10:03:03 +0000 2018,0.228,0.702,0.07,Egyptian court sentences 75 to death for their involvement in a 2013 sit-in https://t.co/76t4l7zLEp https://t.co/Giio7vSoOJ,0,@CBSNews
0.0,Mon Jul 30 09:56:05 +0000 2018,0.0,1.0,0.0,"For 1st time in almost 40 years, a Zimbabwe election without Mugabe https://t.co/Lig15JcAiL https://t.co/KoL8lzJ5Js",0,@CBSNews
0.0,Mon Jul 30 09:48:04 +0000 2018,0.0,1.0,0.0,Animal influencers: How pets earn big bucks as Instagram stars https://t.co/CziQmwnq9S https://t.co/d7YevfHT7L,0,@CBSNews
-0.296,Mon Jul 30 09:33:04 +0000 2018,0.155,0.845,0.0,New details emerge in case of missing University of Iowa student https://t.co/O4fojPX8KJ https://t.co/DGjVhioHVE,0,@CBSNews
-0.4404,Mon Jul 30 09:18:03 +0000 2018,0.182,0.818,0.0,Trump backers stand by president in face of Russia criticism ‚Äî CBS poll https://t.co/Aw6T8ukiye https://t.co/bcFFiSTytH,0,@CBSNews
0.0,Mon Jul 30 09:03:03 +0000 2018,0.0,1.0,0.0,The Dish: Chef Edouardo Jordan brings the South to Seattle https://t.co/kcN5QV6ett https://t.co/4GdNlexGlo,0,@CBSNews
0.0,Mon Jul 30 08:54:06 +0000 2018,0.0,1.0,0.0,Probe into Flight 370 mystery highlights shortcomings https://t.co/QDhqzL31qi https://t.co/nviwU4L6Ah,0,@CBSNews
0.4215,Mon Jul 30 08:48:04 +0000 2018,0.0,0.781,0.219,Homeless man saved woman who jumped from Minneapolis bridge https://t.co/VgqHj1yf4L https://t.co/cwhPkFbMDh,0,@CBSNews
0.0516,Tue Jul 31 05:28:03 +0000 2018,0.0,0.941,0.059,"A homeless man has been overwhelmed by more than 200 job offers after standing on a street corner in Mountain View,‚Ä¶ https://t.co/aSRZZ9Sp3D",0,@CNN
0.0,Tue Jul 31 05:22:04 +0000 2018,0.0,1.0,0.0,Bob Woodward will release a book about the Trump administration ‚Äî called ‚ÄúFear‚Äù ‚Äî just weeks before the midterms‚Ä¶ https://t.co/O5CFUvxWdS,0,@CNN
0.0,Tue Jul 31 05:16:00 +0000 2018,0.0,1.0,0.0,"""Can you imagine a life without ""Jeopardy!""?
""Sure.""

Iconic game-show host Alex Trebek told TMZ he is considering‚Ä¶ https://t.co/krC5ty94Zz",0,@CNN
-0.7506,Tue Jul 31 05:13:04 +0000 2018,0.262,0.738,0.0,Two Minneapolis police officers who fatally shot an armed suspect after a foot chase last month will not face crimi‚Ä¶ https://t.co/NkfUmuH23L,0,@CNN
0.34,Tue Jul 31 05:04:05 +0000 2018,0.0,0.888,0.112,Passengers might be allowed to keep liquids and laptops in their carry-on bags at airport security checkpoints in t‚Ä¶ https://t.co/HHH9N9Av5Z,0,@CNN
0.0,Tue Jul 31 05:01:56 +0000 2018,0.0,1.0,0.0,Authorities in the northeast border state of Assam have left the names of almost 4 million people off the controver‚Ä¶ https://t.co/RvFrs6IAcd,0,@CNN
-0.3804,Tue Jul 31 04:56:06 +0000 2018,0.115,0.885,0.0,"In one of the more bizarre episodes of the midterm elections this year, the race for Virginia's 5th Congressional D‚Ä¶ https://t.co/HVxte8qsMf",0,@CNN
0.4019,Tue Jul 31 04:54:04 +0000 2018,0.0,0.87,0.13,"The ""Guardians of the Galaxy"" cast has issued an open letter in support of ousted director James Gunn‚Ä¶ https://t.co/8thQ0PJgkO",0,@CNN
0.3182,Tue Jul 31 04:48:07 +0000 2018,0.0,0.881,0.119,"""We are deeply concerned women are being harmed"": Devices that promise vaginal ""rejuvenation"" to women with urinary‚Ä¶ https://t.co/n7Ujgt2Ib5",0,@CNN
0.4767,Tue Jul 31 04:46:00 +0000 2018,0.096,0.643,0.261,"When brands like Dunkin' Donuts and Taco Bell want to boost publicity and sales, they sometimes debut crazy culinar‚Ä¶ https://t.co/y9FjTM5BiN",0,@CNN
0.0772,Tue Jul 31 04:41:07 +0000 2018,0.0,0.909,0.091,"President Trump says he'd meet with Iran, without preconditions, ""whenever they want"" https://t.co/WGLz7JWj2w https://t.co/qnEDvjC6b0",0,@CNN
-0.7783,Tue Jul 31 04:35:07 +0000 2018,0.362,0.638,0.0,Nigeria recalls 2.4 million bottles of cough syrup containing codeine to fight abuse https://t.co/J8g8K0gB9s,0,@CNN
0.0,Tue Jul 31 04:29:06 +0000 2018,0.0,1.0,0.0,"Kids are spending more time staring at screens, but there's little scientific research about how it affects their h‚Ä¶ https://t.co/B1s9rLNQEf",0,@CNN
0.0,Tue Jul 31 04:23:06 +0000 2018,0.0,1.0,0.0,Dunkin' Donuts introduces its first-ever gluten-free bakery item: a fudge brownie https://t.co/tWBRjPCLG3 https://t.co/K4LsRB3ULJ,0,@CNN
0.0,Tue Jul 31 04:16:00 +0000 2018,0.0,1.0,0.0,"For the first time ever, Barbie is wearing a hijab. The new doll is modeled after Olympic fencer Ibtihaj Muhammad a‚Ä¶ https://t.co/OPlltWmOgu",0,@CNN
0.0,Tue Jul 31 04:15:10 +0000 2018,0.0,1.0,0.0,Scientists are proposing genetically engineering the white-footed mice of Martha's Vineyard and Nantucket to rid th‚Ä¶ https://t.co/Ikr66BaCHx,0,@CNN
-0.5574,Tue Jul 31 04:06:07 +0000 2018,0.205,0.795,0.0,Mark Hamill pays tribute to Carrie Fisher ahead of final 'Star Wars' appearance https://t.co/HIJM6JIG41 https://t.co/z3cKhfDEfE,0,@CNN
-0.4404,Tue Jul 31 04:01:06 +0000 2018,0.153,0.847,0.0,President Donald Trump's re-election campaign has denied it is using Chinese manufacturers to produce campaign flag‚Ä¶ https://t.co/CKyX56KjJY,0,@CNN
0.0,Tue Jul 31 03:57:03 +0000 2018,0.0,1.0,0.0,'Rest in Power: The Trayvon Martin Story' leads a wave of new documentaries about racial justice‚Ä¶ https://t.co/KwRASOWcWF,0,@CNN
-0.5574,Tue Jul 31 03:54:05 +0000 2018,0.175,0.825,0.0,Man spoke with his wife in the moments before she and 2 great-grandkids died in California's Carr Fire‚Ä¶ https://t.co/RefP2LtR86,0,@CNN
-0.7579,Tue Jul 31 03:50:08 +0000 2018,0.419,0.581,0.0,Australian Archbishop Philip Wilson resigns after sex abuse coverup https://t.co/OVeVWIEBiK https://t.co/lndBesgtkd,0,@CNN
0.0258,Tue Jul 31 03:50:00 +0000 2018,0.0,0.916,0.084,"All aboard the Maharajas' Express, India's most luxurious train: https://t.co/i5K6n2lCTK (via @CNNTravel) https://t.co/U0jx7p4Sub",0,@CNN
-0.4939,Tue Jul 31 03:46:10 +0000 2018,0.259,0.741,0.0,More than 4 million people have been excluded from Indian citizenship in a controversial registry‚Ä¶ https://t.co/SGluu9nh3U,0,@CNN
0.0,Tue Jul 31 03:42:04 +0000 2018,0.0,1.0,0.0,Scientists are proposing the radical evolutionary step of genetically engineering mice to get rid of Lyme disease‚Ä¶ https://t.co/P0Gg9Xplva,0,@CNN
-0.34,Tue Jul 31 03:39:03 +0000 2018,0.156,0.844,0.0,The UK Foreign Secretary accidentally called his Chinese wife Japanese. In Beijing. https://t.co/yQWuGqNdN3 https://t.co/tBcKiXWgvg,0,@CNN
0.4466,Tue Jul 31 03:34:01 +0000 2018,0.0,0.872,0.128,"üö® RECALL ALERT: 
A Chinese company is recalling tainted heart medicine from stores worldwide after it was found to‚Ä¶ https://t.co/vaUWFvliH6",0,@CNN
0.5106,Tue Jul 31 03:29:36 +0000 2018,0.0,0.858,0.142,RT @CNNTonight: From free uniforms and transportation to college tuition guaranteed for all graduates. LeBron James takes @DonLemon on an e‚Ä¶,0,@CNN
0.0,Tue Jul 31 03:29:07 +0000 2018,0.0,1.0,0.0,Underwear is being transformed by technology -- with high-performance briefs claiming to do everything from emittin‚Ä¶ https://t.co/WBShwO4o94,0,@CNN
0.0,Tue Jul 31 03:22:04 +0000 2018,0.0,1.0,0.0,This is Disneyland in the summer of '69 https://t.co/DbkiEZnbVs https://t.co/GE6ewa9vxk,0,@CNN
-0.3612,Tue Jul 31 03:17:04 +0000 2018,0.143,0.857,0.0,Russia has rapidly sold off the vast majority of its stash of American debt https://t.co/dHk5MbEtxL https://t.co/rxRoOBQN3J,0,@CNN
0.0,Tue Jul 31 03:14:46 +0000 2018,0.0,1.0,0.0,K-Pop star Seungri -- one-fifth of the band Big Bang -- takes on the historic summit between US President Donald Tr‚Ä¶ https://t.co/pPv3jaFha0,0,@CNN
0.0,Tue Jul 31 03:09:51 +0000 2018,0.0,1.0,0.0,"RT @CNNTonight: .@DonLemon: ""Would you ever be a politician and run for office?""

LeBron James (@KingJames): ""Let‚Äôs see first."" https://t.c‚Ä¶",0,@CNN
-0.5267,Tue Jul 31 03:09:26 +0000 2018,0.124,0.876,0.0,"RT @CNNTonight: ""It was the conversation that I had to have with my boys that hurt me."" - LeBron James on his home being vandalized with th‚Ä¶",0,@CNN
0.0,Tue Jul 31 03:01:03 +0000 2018,0.0,1.0,0.0,"Scientists have discovered a rare dolphin-whale hybrid off the coast of Kauai, Hawaii https://t.co/fPfeaf80uq https://t.co/SUftw6APNG",0,@CNN
0.6705,Tue Jul 31 02:46:06 +0000 2018,0.0,0.732,0.268,"Attorney General Jeff Sessions has announced the Department of Justice's creation of a ""religious liberty task forc‚Ä¶ https://t.co/kNy6wKhlE6",0,@CNN
0.0,Tue Jul 31 02:44:46 +0000 2018,0.0,1.0,0.0,Hillary Clinton steps up her involvement in the 2018 midterms https://t.co/kh2q0K0WoD https://t.co/4y8BWGE2lR,0,@CNN
0.8885,Tue Jul 31 02:39:55 +0000 2018,0.0,0.61,0.39,"RT @CNNTonight: LeBron James (@KingJames) tells @DonLemon that he is ""excited and truly humbled and blessed"" to open his 'I Promise' elemen‚Ä¶",0,@CNN
0.4019,Tue Jul 31 02:36:21 +0000 2018,0.0,0.863,0.137,"DC's Dog Tag Bakery, which aims to help service-disabled veterans and their caretakers, had two unexpected guests:‚Ä¶ https://t.co/vpPUvUWkgO",0,@CNN
0.0,Tue Jul 31 02:31:04 +0000 2018,0.0,1.0,0.0,Hillary Clinton steps ups her involvement in the 2018 midterms https://t.co/zdcvnxwIts https://t.co/dM5Gow3aGu,0,@CNN
-0.5423,Tue Jul 31 02:23:47 +0000 2018,0.137,0.863,0.0,"RT @CNNTonight: LeBron James: The fatal shooting of 17-year-old Trayvon Martin ""hit a switch for me. From that point on, I knew that my voi‚Ä¶",0,@CNN
0.2263,Tue Jul 31 02:16:00 +0000 2018,0.0,0.899,0.101,"Former President Barack Obama and former Vice President Joe Biden surprised a Washington, DC, bakery when they stop‚Ä¶ https://t.co/c2i8MIUjSi",0,@CNN
0.0,Tue Jul 31 02:13:45 +0000 2018,0.0,1.0,0.0,"RT @AC360: How has Rudy Giuliani evolved from his time as a young assistant U.S. attorney, to New York City mayor, to President Trump's per‚Ä¶",0,@CNN
0.0,Tue Jul 31 02:08:21 +0000 2018,0.0,1.0,0.0,"LeBron James says he thinks the President is using athletics, and athletes, to divide the country -- and that's som‚Ä¶ https://t.co/PYcRF0GfmT",0,@CNN
0.0,Tue Jul 31 02:06:38 +0000 2018,0.0,1.0,0.0,"RT @CNNTonight: LeBron James (@KingJames) says Trump is trying to use sport to divide people, but he believes it brings people together. He‚Ä¶",0,@CNN
0.3818,Tue Jul 31 01:50:00 +0000 2018,0.0,0.833,0.167,"You can live like a king aboard the the Maharaja's Express, a hotel-on-wheels that is one of the most luxurious tra‚Ä¶ https://t.co/A3ymfS4A7l",0,@CNN
0.0,Tue Jul 31 01:48:45 +0000 2018,0.0,1.0,0.0,Former President Barack Obama and former Vice President Joe Biden were reunited when they got lunch at DC's Dog Tag‚Ä¶ https://t.co/WTspmXn6Fg,0,@CNN
0.0,Tue Jul 31 01:40:00 +0000 2018,0.0,1.0,0.0,"Rudy Giuliani pulls a ""covfefe"" with a one-word tweet, and Twitter finishes it for him. CNN's Jeanne Moos fills in‚Ä¶ https://t.co/16XgMQp9NP",0,@CNN
0.0,Tue Jul 31 01:32:44 +0000 2018,0.0,1.0,0.0,"RT @AC360: ‚ÄúLet me just give you facts, because you are in hyperbole land.‚Äù Clashing with fellow panelist @CortesSteve, @Bakari_Sellers say‚Ä¶",0,@CNN
0.0258,Tue Jul 31 01:28:13 +0000 2018,0.0,0.927,0.073,"All aboard the Maharajas' Express, billed as India's most luxurious train https://t.co/Uzjw2ZJGmb via @CNNTravel https://t.co/wraBhM4rE0",0,@CNN
0.0,Tue Jul 31 01:15:59 +0000 2018,0.0,1.0,0.0,"New indicators, including satellite images, show that North Korea could be in the midst of building new missiles, t‚Ä¶ https://t.co/QfE8aslJsa",0,@CNN
0.0772,Tue Jul 31 01:13:50 +0000 2018,0.0,0.944,0.056,RT @CNNTonight: ‚ÄúWe want every kid that walks through this school to be inspired.‚Äù LeBron James (@KingJames) sits down with @donlemon at th‚Ä¶,0,@CNN
0.0,Tue Jul 31 01:11:03 +0000 2018,0.0,1.0,0.0,"This $8.2 million mansion and its four acres of land could be yours for just $17. Of course, there's a catch: You'l‚Ä¶ https://t.co/8M9nFpsWaC",0,@CNN
0.0,Tue Jul 31 01:03:10 +0000 2018,0.0,1.0,0.0,"Sexual misconduct investigation reveals ""lapses in professional responsibility,"" FEMA administrator says‚Ä¶ https://t.co/iMpV05W6ym",0,@CNN
-0.2023,Tue Jul 31 00:58:06 +0000 2018,0.087,0.913,0.0,"President Trump may be looking for a fight over the border wall ahead of the midterm election, but Senate Republica‚Ä¶ https://t.co/oph5sWiPZT",0,@CNN
0.0,Tue Jul 31 00:52:02 +0000 2018,0.0,1.0,0.0,House Democrats are riding high with 99 days until the midterms | Analysis by @CillizzaCNN https://t.co/HaICpornKF https://t.co/4UM2pZgZkK,0,@CNN
0.0,Tue Jul 31 00:45:22 +0000 2018,0.0,1.0,0.0,"RT @OutFrontCNN: Jack O'Donnell, Fmr. VP of Trump Plaza Casino, Atlantic City, believes that Trump was bugging him. ""The red flags went off‚Ä¶",0,@CNN
0.2434,Tue Jul 31 00:44:23 +0000 2018,0.171,0.621,0.208,"""No! No eat!"" screams your 2-year-old.

Relax. Don't pressure your picky eater -- it doesn't work, and your toddler‚Ä¶ https://t.co/wD3pjaYIGf",0,@CNN
0.0,Tue Jul 31 00:33:41 +0000 2018,0.0,1.0,0.0,"""People will be able to make anything from novelty guns to AR-15s"" with 3D printers as of August 1, Alyssa Milano w‚Ä¶ https://t.co/2KicEjylRf",0,@CNN
-0.0516,Tue Jul 31 00:25:13 +0000 2018,0.095,0.819,0.086,"RT @AC360: ""Impossible."" Barbara Res, a former Trump Organization executive, says there is no chance Donald Trump would not have been infor‚Ä¶",0,@CNN
0.0,Tue Jul 31 00:19:30 +0000 2018,0.0,1.0,0.0,"""Can you imagine a life without ""Jeopardy!""?
""Sure.""

Iconic host Alex Trebek told TMZ he is considering retirement‚Ä¶ https://t.co/RDZf5yuR6M",0,@CNN
0.0,Tue Jul 31 00:12:51 +0000 2018,0.0,1.0,0.0,"RT @OutFrontCNN: Trump says he'll ""meet with anybody.""

But what about Robert Mueller? CNN's Erin Burnett asks: Is President Trump's willin‚Ä¶",0,@CNN
0.0,Tue Jul 31 00:12:04 +0000 2018,0.0,1.0,0.0,Uber shuts down its self-driving truck unit to refocus its efforts on cars only https://t.co/9oikES86NJ https://t.co/zb22pLUaIY,0,@CNN
0.0,Mon Jul 30 23:55:37 +0000 2018,0.0,1.0,0.0,"LeBron James (@KingJames) says Trump's trying to use sport to divide people, but he believes it brings people toget‚Ä¶ https://t.co/X7T5dbtoqW",0,@CNN
-0.5739,Mon Jul 30 23:52:46 +0000 2018,0.176,0.824,0.0,"RT @OutFrontCNN: ""It's not surprising that Donald Trump is increasing his attacks (on the Russia probe). The walls are closing in on him. .‚Ä¶",0,@CNN
0.2732,Mon Jul 30 23:51:06 +0000 2018,0.0,0.861,0.139,"President Trump's willingness to meet with Iran is diplomatic over-confidence, a Democratic lawmaker says‚Ä¶ https://t.co/c1xBZ3KDs6",0,@CNN
-0.296,Mon Jul 30 23:41:44 +0000 2018,0.095,0.905,0.0,"RT @OutFrontCNN: ""No one is above the law. ... As a former prosecutor, defendants don't get to set preconditions, so the President shouldn'‚Ä¶",0,@CNN
0.4588,Mon Jul 30 23:41:09 +0000 2018,0.0,0.81,0.19,Former Trump campaign chairman Paul Manafort gave up his effort to challenge special counsel Robert Mueller in civi‚Ä¶ https://t.co/etyS1Or8w2,0,@CNN
0.0516,Mon Jul 30 23:31:59 +0000 2018,0.0,0.941,0.059,"A homeless man has been overwhelmed by more than 200 job offers after standing on a street corner in Mountain View,‚Ä¶ https://t.co/lYP7h5bsPg",0,@CNN
0.0,Mon Jul 30 23:14:27 +0000 2018,0.0,1.0,0.0,Bob Woodward will release a book about the Trump administration ‚Äî called ‚ÄúFear‚Äù ‚Äî just weeks before the midterms‚Ä¶ https://t.co/D1p2qNAffS,0,@CNN
0.0772,Mon Jul 30 23:13:26 +0000 2018,0.0,0.933,0.067,‚ÄúWe want every kid that walks through this school to be inspired.‚Äù LeBron James (@KingJames) sits down with‚Ä¶ https://t.co/akq6qv5Gda,0,@CNN
-0.5423,Mon Jul 30 22:58:16 +0000 2018,0.179,0.821,0.0,Minneapolis police released body-camera footage of the fatal shooting of Thurman Blevins in June. A county attorney‚Ä¶ https://t.co/Ieu3wEdxJG,0,@CNN
0.1776,Mon Jul 30 22:48:14 +0000 2018,0.073,0.823,0.104,"Barack Obama and Joe Biden made a surprise visit to a DC bakery.

""We were absolutely stunned to see them!‚Äù Lolly R‚Ä¶ https://t.co/n7VecBTJFW",0,@CNN
-0.5859,Mon Jul 30 22:44:12 +0000 2018,0.194,0.806,0.0,"RT @CNNSitRoom: The monstrous Carr Fire, burning in Shasta County, California, has engulfed almost 100,000 acres. The fire is so large and‚Ä¶",0,@CNN
-0.7506,Mon Jul 30 22:41:09 +0000 2018,0.262,0.738,0.0,Two Minneapolis police officers who fatally shot an armed suspect after a foot chase last month will not face crimi‚Ä¶ https://t.co/H7jPxpTSHi,0,@CNN
0.0,Mon Jul 30 22:29:59 +0000 2018,0.0,1.0,0.0,"LIVE NOW: Anderson Cooper Full Circle, a daily interactive news show airing on Facebook Watch‚Ä¶ https://t.co/PgXZt16x5R",0,@CNN
-0.1027,Mon Jul 30 22:26:04 +0000 2018,0.124,0.769,0.107,"‚ÄúHe feels like this is very personal at this point"": President Trump attacks Robert Mueller himself because he know‚Ä¶ https://t.co/fvEoUyLTyt",0,@CNN
-0.1027,Mon Jul 30 22:24:57 +0000 2018,0.124,0.769,0.107,"‚ÄúHe feels like this is very personal at this point"": President Trump attacks Robert Mueller himself because he know‚Ä¶ https://t.co/c1khmhtYeo",0,@CNN
0.128,Mon Jul 30 22:13:21 +0000 2018,0.0,0.923,0.077,"RT @CNNSitRoom: Rudy Giuliani is the President‚Äôs ‚Äúconspiracy-theory-in-chief person,‚Äù his latest defense is an effort to ‚Äúdistort, to distr‚Ä¶",0,@CNN
-0.296,Mon Jul 30 22:13:12 +0000 2018,0.136,0.864,0.0,Former White House aide Marc Short predicts no government shutdown before the midterms https://t.co/eXw9tLr6mY https://t.co/FrKvomeYXR,0,@CNN
-0.6486,Mon Jul 30 22:01:06 +0000 2018,0.193,0.807,0.0,"A weekend shooting that left three people dead and seven wounded may have been gang-related, New Orleans police sai‚Ä¶ https://t.co/S21Ytmybht",0,@CNN
-0.3612,Mon Jul 30 21:51:05 +0000 2018,0.143,0.857,0.0,Russia has rapidly sold off the vast majority of its stash of American debt https://t.co/sp47iXp3Kq https://t.co/Mbq3rAgoHO,0,@CNN
-0.5267,Mon Jul 30 21:41:07 +0000 2018,0.221,0.779,0.0,4 reasons Republicans should sweat Donald Trump's government shutdown threat | Analysis by @CillizzaCNN‚Ä¶ https://t.co/D8qmxvtR4i,0,@CNN
0.0,Mon Jul 30 21:31:06 +0000 2018,0.0,1.0,0.0,This Republican governor is bolstering Obamacare in his state https://t.co/j1X6kleQM4 https://t.co/SVUjzHc2nK,0,@CNN
0.743,Mon Jul 30 21:26:47 +0000 2018,0.0,0.657,0.343,"Neil Diamond surprised firefighters in Colorado with an impromptu performance of ""Sweet Caroline."" He recently reti‚Ä¶ https://t.co/vMXEFwcrhR",0,@CNN
-0.5106,Mon Jul 30 21:21:03 +0000 2018,0.163,0.837,0.0,Senate Judiciary Chairman Chuck Grassley rejected Democratic calls for the committee to bring Donald Trump Jr. back‚Ä¶ https://t.co/sWFd0qdzug,0,@CNN
0.4767,Mon Jul 30 21:15:00 +0000 2018,0.096,0.643,0.261,"When brands like Dunkin' Donuts and Taco Bell want to boost publicity and sales, they sometimes debut crazy culinar‚Ä¶ https://t.co/HhyQJtf6qO",0,@CNN
0.3089,Mon Jul 30 21:11:04 +0000 2018,0.0,0.861,0.139,Mueller can't afford to lose the Manafort trial | By Shan Wu via @CNNOpinion https://t.co/JzVWEX1Ogs https://t.co/5uEqbeRpq8,0,@CNN
-0.5859,Mon Jul 30 21:01:55 +0000 2018,0.194,0.806,0.0,"RT @TheLeadCNN: The monstrous Carr Fire, burning in Shasta County, California, has engulfed almost 100,000 acres. The fire is so large and‚Ä¶",0,@CNN
0.0,Mon Jul 30 21:00:06 +0000 2018,0.0,1.0,0.0,She‚Äôs 35 and CEO of a $2 billion business. How Stitch Fix founder and CEO Katrina Lake became the youngest woman to‚Ä¶ https://t.co/A04Xzh5nYe,0,@CNN
-0.1779,Mon Jul 30 20:56:03 +0000 2018,0.145,0.751,0.104,"The tech bloodbath continues. https://t.co/Z5pYPLXDYL

Top technology stocks have fallen further, marking the first‚Ä¶ https://t.co/NE7KSN1zbO",0,@CNN
0.0,Mon Jul 30 20:51:00 +0000 2018,0.0,1.0,0.0,"For the first time ever, Barbie is wearing a hijab. The new doll is modeled after Olympic fencer Ibtihaj Muhammad a‚Ä¶ https://t.co/MiiSi7qDPs",0,@CNN
-0.8402,Mon Jul 30 20:41:06 +0000 2018,0.36,0.64,0.0,"The deadly Carr fire raging in Northern California has claimed six lives and destroyed almost 1,000 structures. Her‚Ä¶ https://t.co/XVvfjx07KC",0,@CNN
0.0,Mon Jul 30 20:35:37 +0000 2018,0.0,1.0,0.0,"RT @TheLeadCNN: President Trump says he is willing to meet with Iran's leadership, without preconditions, ""whenever they want."" https://t.c‚Ä¶",0,@CNN
0.34,Mon Jul 30 20:31:08 +0000 2018,0.0,0.888,0.112,Passengers might be allowed to keep liquids and laptops in their carry-on bags at airport security checkpoints in t‚Ä¶ https://t.co/1nIzsZrvS0,0,@CNN
-0.1531,Mon Jul 30 20:27:32 +0000 2018,0.078,0.922,0.0,"JUST IN: CBS board takes no action against CEO Les Moonves, but will hire outside counsel to independently investig‚Ä¶ https://t.co/Xn3p7SqxYI",0,@CNN
0.2263,Mon Jul 30 20:24:47 +0000 2018,0.0,0.924,0.076,RT @CNNMoney: Nasdaq drops by more than 1% for the third straight day. That hasn‚Äôt happened since August 2015. Dow falls 144 points. Twitte‚Ä¶,0,@CNN
-0.3804,Mon Jul 30 20:21:06 +0000 2018,0.115,0.885,0.0,"In one of the more bizarre episodes of the midterm elections this year, the race for Virginia's 5th Congressional D‚Ä¶ https://t.co/ewSMPWocQb",0,@CNN
-0.296,Mon Jul 30 20:17:23 +0000 2018,0.104,0.896,0.0,"RT @TheLeadCNN: ""If he misled the committee, he's lying to Congress. That's a crime,"" Senate Judiciary Chairman Grassley says, but rejects‚Ä¶",0,@CNN
0.1265,Mon Jul 30 20:11:07 +0000 2018,0.099,0.782,0.119,The influential Koch political network announced it is not supporting GOP Rep. Kevin Cramer in his race to unseat v‚Ä¶ https://t.co/6XdN2Gm3G5,0,@CNN
0.0,Mon Jul 30 20:06:48 +0000 2018,0.0,1.0,0.0,"President Trump said he is willing to meet with Iran's leadership, without preconditions, ""whenever they want.""‚Ä¶ https://t.co/AkwxB4yx6J",0,@CNN
0.8555,Tue Jul 31 05:30:00 +0000 2018,0.0,0.63,0.37,".@POTUS: ""The [Italian] Prime Minister and I are united in our conviction that strong nations must have strong bord‚Ä¶ https://t.co/nj1Ekk8lnZ",0,@FoxNews
0.0,Tue Jul 31 05:23:00 +0000 2018,0.0,1.0,0.0,Jimmy Hoffa investigation: Frank Sheeran and the blood evidence we found in the case https://t.co/k6wemTLgSm,0,@FoxNews
0.4005,Tue Jul 31 05:15:00 +0000 2018,0.0,0.87,0.13,Rudy Giuliani: ‚ÄúEverything that‚Äôs been released so far shows the president to be absolutely innocent. He didn‚Äôt do‚Ä¶ https://t.co/AUY861PuhP,0,@FoxNews
0.3182,Tue Jul 31 05:07:00 +0000 2018,0.0,0.887,0.113,"A huge ""Trump 2020"" banner was unfurled at the New York @Yankees game on Sunday by fans of President‚Ä¶ https://t.co/0huvalGKGx",0,@FoxNews
0.0,Tue Jul 31 05:05:20 +0000 2018,0.0,1.0,0.0,Mars close approach viewing from the Griffith Observatory in Los Angeles. https://t.co/gM1QDcjcrd,0,@FoxNews
0.2795,Tue Jul 31 05:00:00 +0000 2018,0.0,0.865,0.135,".@newtgingrich: ‚ÄúIs it more radical to want to have a wall, or is it more radical to want to have open borders?‚Äù https://t.co/XTEtakPKwt",0,@FoxNews
-0.0516,Tue Jul 31 04:53:00 +0000 2018,0.155,0.7,0.145,"Trump supporters pelted by eggs, punches can sue San Jose cops in attack, court says https://t.co/0noLrFlaVG",0,@FoxNews
0.7269,Tue Jul 31 04:45:00 +0000 2018,0.0,0.728,0.272,".@POTUS to Iran: ""They want to meet? I'll meet - any time they want...It's good for the country, good for them, goo‚Ä¶ https://t.co/7JAyxjAvok",0,@FoxNews
-0.34,Tue Jul 31 04:38:00 +0000 2018,0.167,0.833,0.0,Suspects confess to swiping shark from San Antonio Aquarium in baby stroller https://t.co/QmPRruvfrC,0,@FoxNews
0.34,Tue Jul 31 04:30:00 +0000 2018,0.0,0.789,0.211,Rudy Giuliani: ‚ÄúYou could investigate an innocent man forever.‚Äù https://t.co/OnvFb3VR3U,0,@FoxNews
0.1779,Tue Jul 31 04:22:03 +0000 2018,0.0,0.922,0.078,After one family saw a dog staring longingly into the window of a restaurant while they were in line at the drive-t‚Ä¶ https://t.co/xnS7LscdPG,0,@FoxNews
0.0,Tue Jul 31 04:15:00 +0000 2018,0.0,1.0,0.0,".@dbongino: ‚ÄúTax reform was just monumental, we see now the effects on the economy, 4.1% growth.‚Äù https://t.co/bOLDZSbHzQ",0,@FoxNews
0.0,Tue Jul 31 04:08:00 +0000 2018,0.0,1.0,0.0,"After one woman‚Äôs tweet featuring a homeless web designer‚Äôs unconventional job hunting tactic went viral, David Cas‚Ä¶ https://t.co/ijySyHLqcA",0,@FoxNews
-0.3818,Tue Jul 31 04:01:00 +0000 2018,0.16,0.742,0.098,".@POTUS: ""The [Italian] Prime Minister and I also agree that the brutal regime in Iran must never be allowed to pos‚Ä¶ https://t.co/TgZMeYEbwv",0,@FoxNews
0.0,Tue Jul 31 03:53:00 +0000 2018,0.0,1.0,0.0,".@ChristopherHahn: ‚ÄúIf [@POTUS] doesn‚Äôt get his wall before this Congress leaves, he won‚Äôt get his wall.‚Äù‚Ä¶ https://t.co/uoCjEAL2So",0,@FoxNews
-0.5859,Tue Jul 31 03:45:50 +0000 2018,0.202,0.798,0.0,Showdown in Virginia: Manafort fraud trial set to kick off in first Mueller probe prosecution‚Ä¶ https://t.co/0ZLf4HEY2h,0,@FoxNews
0.0,Tue Jul 31 03:40:00 +0000 2018,0.0,1.0,0.0,".@MonicaCrowley: ‚ÄúThe reason we have Donald Trump‚Ä¶is because he went out into the heartland and he said, ‚ÄòYou know‚Ä¶ https://t.co/0OHEjKaEyJ",0,@FoxNews
-0.3818,Tue Jul 31 03:35:39 +0000 2018,0.224,0.776,0.0,President @realDonaldTrump threatens government shutdown over border wall https://t.co/VRREYH2jM2 https://t.co/iQCDXg1goV,0,@FoxNews
0.4215,Tue Jul 31 03:25:30 +0000 2018,0.0,0.882,0.118,"""Everybody would do the same thing that I'm doing. We just have the opportunity and it's just our time right now.""‚Ä¶ https://t.co/kcjF8oucTu",0,@FoxNews
0.0,Tue Jul 31 03:20:01 +0000 2018,0.0,1.0,0.0,".@ByronYork: ‚ÄúDonald Trump the candidate in 2016 really did blow up Republican orthodoxy in some very, very key way‚Ä¶ https://t.co/EEwpox1bVF",0,@FoxNews
-0.3612,Tue Jul 31 03:08:18 +0000 2018,0.128,0.872,0.0,".@IngrahamAngle: ‚ÄúOne could also make the argument that selling out American workers, and offering up our industrie‚Ä¶ https://t.co/p6AaSy8nnE",0,@FoxNews
0.0,Tue Jul 31 03:04:41 +0000 2018,0.0,1.0,0.0,"More than 450 people in Florida ordered to give up guns under new law, report says https://t.co/EgO5jcCeyQ",0,@FoxNews
-0.4019,Tue Jul 31 02:55:27 +0000 2018,0.144,0.856,0.0,.@RudyGiuliani says Trump team leaning towards ignoring Mueller questions: 'We don't think they have a legitimate i‚Ä¶ https://t.co/hZdsoq19EI,0,@FoxNews
-0.296,Tue Jul 31 02:34:16 +0000 2018,0.155,0.845,0.0,Shark swiped from San Antonio Aquarium in baby stroller; suspect reportedly confesses https://t.co/JdwH6aIekl,0,@FoxNews
-0.0516,Tue Jul 31 02:24:28 +0000 2018,0.155,0.7,0.145,"Trump supporters pelted by eggs, punches can sue San Jose cops after attack, court says https://t.co/U4kY1iCz8b",0,@FoxNews
-0.5994,Tue Jul 31 02:16:54 +0000 2018,0.178,0.822,0.0,OPINION: The left's obstruction of qualified #Trump nominees is yet another front in the war against the president https://t.co/QaH5ywd2SO,0,@FoxNews
0.743,Tue Jul 31 02:01:30 +0000 2018,0.0,0.69,0.31,Senator @RandPaul released a statement Monday saying he will support Supreme Court nominee Judge Brett Kavanaugh.‚Ä¶ https://t.co/dFCdNWNaRP,0,@FoxNews
0.0,Tue Jul 31 02:00:01 +0000 2018,0.0,1.0,0.0,Jimmy Hoffa investigation: Frank Sheeran and blood evidence found in the case https://t.co/k6wemTLgSm,0,@FoxNews
0.0,Tue Jul 31 01:53:00 +0000 2018,0.0,1.0,0.0,TSA calls reports it's surveilling ordinary Americans 'ridiculous' https://t.co/W0bSwy9Hea,0,@FoxNews
-0.4927,Tue Jul 31 01:48:47 +0000 2018,0.186,0.814,0.0,".@RudyGiuliani on Mueller investigation: ""@Comey is more discredited than anyone in this investigation...If you're‚Ä¶ https://t.co/gxGNlvXcsj",0,@FoxNews
0.4939,Tue Jul 31 01:45:00 +0000 2018,0.0,0.833,0.167,President @realDonaldTrump holds his granddaughter Arabella‚Äôs hand as they walk across the South Lawn of the‚Ä¶ https://t.co/0tg9IcgAK4,0,@FoxNews
0.0,Tue Jul 31 01:43:39 +0000 2018,0.0,1.0,0.0,".@RudyGiuliani on Mueller investigation: ""We've been driven further away from the idea of answering any questions f‚Ä¶ https://t.co/QYeMzSFGzn",0,@FoxNews
-0.5574,Tue Jul 31 01:38:01 +0000 2018,0.153,0.847,0.0,A Florida police officer who died a week after he was shot while on the job was remembered Saturday night by member‚Ä¶ https://t.co/pxF37Z3LrJ,0,@FoxNews
0.3182,Tue Jul 31 01:30:00 +0000 2018,0.0,0.887,0.113,"A huge ""Trump 2020"" banner was unfurled at the New York @Yankees game on Sunday by fans of President‚Ä¶ https://t.co/8N0XrexpeK",0,@FoxNews
-0.34,Tue Jul 31 01:22:00 +0000 2018,0.179,0.821,0.0,"Texas mall robbery suspects claim to be Mexican nationals, police say https://t.co/XNkImFZLQG",0,@FoxNews
0.0,Tue Jul 31 01:12:00 +0000 2018,0.0,1.0,0.0,"During a press conference with Italian Prime Minister Giuseppe Conte, President @realDonaldTrump reiterated his wee‚Ä¶ https://t.co/4rwbzkw06J",0,@FoxNews
-0.1027,Tue Jul 31 01:05:00 +0000 2018,0.107,0.804,0.089,Firefighters with Cal Fire Mendocino Unit cover themselves from smoke and ash created by an advancing wildfire on M‚Ä¶ https://t.co/UASR9p9cMH,0,@FoxNews
0.0772,Tue Jul 31 00:53:42 +0000 2018,0.0,0.885,0.115,'Buckle Up Buttercup': @MichaelAvenatti Challenges @RudyGiuliani Over 'Stupidity' of @POTUS https://t.co/PXYSnZHwm8,0,@FoxNews
0.3182,Tue Jul 31 00:42:10 +0000 2018,0.0,0.859,0.141,Basketball fan allegedly impersonated employee in order to add @Pac12Network to restaurant's cable package https://t.co/txB16aOazC,0,@FoxNews
0.4019,Tue Jul 31 00:23:56 +0000 2018,0.0,0.856,0.144,OPINION: Why 'Christmas in July' has special meaning for me (hint: it's not what you think) https://t.co/CS6bcG5FnH,0,@FoxNews
0.3612,Tue Jul 31 00:16:04 +0000 2018,0.104,0.656,0.24,Social media helps solve mystery of skier who disappeared in the Alps in 1954 https://t.co/vWrTQllb8C,0,@FoxNews
0.3182,Mon Jul 30 23:55:40 +0000 2018,0.0,0.881,0.119,".@KatiePavlich: ""The big question is‚Äî will a huge expansion of government really actually make the lives of people‚Ä¶ https://t.co/fGRMbM3fFr",0,@FoxNews
-0.4019,Mon Jul 30 23:47:34 +0000 2018,0.137,0.863,0.0,".@AndrewCMcCarthy: ""The peril for President @realDonaldTrump here, to the extent there is any, has always been impe‚Ä¶ https://t.co/D0qGUX928K",0,@FoxNews
-0.3182,Mon Jul 30 23:38:59 +0000 2018,0.113,0.887,0.0,".@kayleighmcenany: ""Democrats are quivering when they hear the word shutdown. They lost the last one, and the Ameri‚Ä¶ https://t.co/VI4s3TzEoA",0,@FoxNews
-0.2023,Mon Jul 30 23:34:54 +0000 2018,0.128,0.872,0.0,"Austan Goolsbee: ""Mexico was supposed to pay for the wall, now the president wants the American taxpayers to pay fo‚Ä¶ https://t.co/x8av0ax9Eg",0,@FoxNews
0.0,Mon Jul 30 23:29:39 +0000 2018,0.0,1.0,0.0,".@kayleighmcenany: ""We're using President @realDonaldTrump at every race across the country."" #TheStory https://t.co/AOo15y9H2L",0,@FoxNews
0.0,Mon Jul 30 23:23:41 +0000 2018,0.0,1.0,0.0,".@RepDeSantis: ""[@POTUS has] brought new people to the Republican Party."" #TheStory https://t.co/t2xS4ufEF6",0,@FoxNews
0.3818,Mon Jul 30 23:19:45 +0000 2018,0.0,0.898,0.102,"""We feel about the way you'd expect a family to feel that has someone that we love as much as Mollie, but that's re‚Ä¶ https://t.co/YPPdMvJQew",0,@FoxNews
-0.7003,Mon Jul 30 23:13:32 +0000 2018,0.254,0.746,0.0,"""Someone knows something and they need to call the authorities."" 

Rob Tibbetts, father of the the missing Universi‚Ä¶ https://t.co/YuQqTlgu8b",0,@FoxNews
-0.5423,Mon Jul 30 23:06:29 +0000 2018,0.29,0.71,0.0,Desperate search for college student gone missing for nearly two weeks https://t.co/J1W3eH94I4 https://t.co/rvMU4bEEvD,0,@FoxNews
-0.0516,Mon Jul 30 23:01:16 +0000 2018,0.144,0.72,0.136,".@MZHemingway on @POTUS' shutdown threat: ""He's in a position of strength right now and immigration is an issue tha‚Ä¶ https://t.co/62ZAN8v2oX",0,@FoxNews
-0.5574,Mon Jul 30 22:54:18 +0000 2018,0.365,0.635,0.0,Idaho inmates exploit tablet software flaw to steal $225K https://t.co/2B7c7HsWsX,0,@FoxNews
-0.1027,Mon Jul 30 22:46:14 +0000 2018,0.104,0.896,0.0,"RT @MikeEmanuelFox: Congress warns White House against government shutdown - from #SpecialReport tonight:

https://t.co/xf3PyhCP2i",0,@FoxNews
0.6597,Mon Jul 30 22:37:12 +0000 2018,0.0,0.759,0.241,".@GiuseppeConteIT: ""President Trump would like to have a rebalance of the U.S. foreign trade...I hope we can find t‚Ä¶ https://t.co/dqh4PRDY8O",0,@FoxNews
0.3612,Mon Jul 30 22:23:19 +0000 2018,0.073,0.777,0.15,".@GiuseppeConteIT on @POTUS: ""Maybe because we [don't have] political background[s], we pay better attention with t‚Ä¶ https://t.co/4dvOFcnloR",0,@FoxNews
0.0516,Mon Jul 30 22:19:56 +0000 2018,0.0,0.938,0.062,President @realDonaldTrump and Robert  Wilkie's wife Julia watch as @VP Mike Pence swears in Robert Wilkie as Secre‚Ä¶ https://t.co/eO7sqtl50V,0,@FoxNews
-0.802,Mon Jul 30 22:09:16 +0000 2018,0.474,0.526,0.0,Mourning orca mother carries dead calf for fifth day https://t.co/YmeMmqw8mO,0,@FoxNews
-0.3612,Mon Jul 30 21:55:00 +0000 2018,0.226,0.645,0.129,"Former FEMA official created 'toxic' environment of sexual harassment, administrator says https://t.co/Tw7DoswM0g",0,@FoxNews
0.0,Mon Jul 30 21:49:21 +0000 2018,0.0,1.0,0.0,"Ruling that allows early voting on Florida college campuses could sway close Senate, governor's races https://t.co/GR4detJQbj",0,@FoxNews
-0.5267,Mon Jul 30 21:44:20 +0000 2018,0.195,0.805,0.0,.@EmilyCompagno on @POTUS renewing government shutdown threat if border wall is not funded https://t.co/X9K8dyTdNW‚Ä¶ https://t.co/NktwAKWbFH,0,@FoxNews
0.6908,Mon Jul 30 21:35:32 +0000 2018,0.0,0.778,0.222,.@JesseBWatters: ‚ÄúThe wall will be built. It'll be beautiful. But it looks like it‚Äôs going to be built one step at‚Ä¶ https://t.co/ujdQLjXOEu,0,@FoxNews
0.0,Mon Jul 30 21:20:46 +0000 2018,0.0,1.0,0.0,.@TheJuanWilliams: ‚ÄúAll the numbers right now are flowing towards the Democrats because the Democratic base is so e‚Ä¶ https://t.co/fH5VBFgm8l,0,@FoxNews
-0.25,Mon Jul 30 21:16:15 +0000 2018,0.181,0.691,0.128,.@newtgingrich: Trump's Gov't Shutdown Threat Will Present 'Vivid Contrast' With Dems on Border Security https://t.co/8x3QSjSWZY,0,@FoxNews
-0.3818,Mon Jul 30 21:09:36 +0000 2018,0.191,0.809,0.0,Upset teen on American Airlines flight receives 'life advice' from 64-year-old https://t.co/9HeiBpXgu0,0,@FoxNews
0.0,Mon Jul 30 21:00:00 +0000 2018,0.0,1.0,0.0,"More than 450 people in Florida ordered to give up guns under new law, report says https://t.co/SXYcacudU0",0,@FoxNews
-0.7003,Mon Jul 30 20:53:00 +0000 2018,0.309,0.691,0.0,CBS won't take immediate action on Les Moonves sexual harassment accusations after board meeting https://t.co/uflkXXb6Ok,0,@FoxNews
-0.3182,Mon Jul 30 20:50:11 +0000 2018,0.119,0.881,0.0,People gather outside the Greek Parliament in Athens in memory of victims of a deadly wildfire a week ago. https://t.co/tfLKlcl3zz,0,@FoxNews
0.3593,Mon Jul 30 20:45:00 +0000 2018,0.0,0.839,0.161,Gay couple claims Alaska Airlines separated them so a straight couple could sit together https://t.co/rOtmlOSJd0,0,@FoxNews
-0.4865,Mon Jul 30 20:34:57 +0000 2018,0.257,0.743,0.0,.@AriFleischer: ‚ÄúI think it‚Äôs going to be very hard to stop Brett‚Äôs nomination.‚Äù https://t.co/n8mpjeIpgk,0,@FoxNews
-0.765,Mon Jul 30 20:30:00 +0000 2018,0.337,0.663,0.0,Police release new video of suspect in killing of onetime George H.W. Bush doctor https://t.co/bzQXaLmCS6,0,@FoxNews
0.0,Mon Jul 30 20:19:38 +0000 2018,0.0,1.0,0.0,"Brandon Judd: ‚ÄúThese individuals that are coming here and asking for asylum, they can do it legally.‚Äù https://t.co/CGaF0oJHXX",0,@FoxNews
-0.5574,Mon Jul 30 20:13:54 +0000 2018,0.153,0.847,0.0,"Brandon Judd: ‚ÄúIf we build the walls in strategic locations, we will then be able to control where illegal immigrat‚Ä¶ https://t.co/KlcsXVR29M",0,@FoxNews
0.0,Mon Jul 30 20:07:48 +0000 2018,0.0,1.0,0.0,Exquisite ancient mosaic uncovered in Israel https://t.co/h1KNo0STcy,0,@FoxNews
0.0,Mon Jul 30 20:04:50 +0000 2018,0.0,1.0,0.0,RT @ShepNewsTeam: Shep is live on Facebook Watch: https://t.co/B6mqZfd2n5,0,@FoxNews
0.0,Mon Jul 30 20:03:08 +0000 2018,0.0,1.0,0.0,.@ShepNewsTeam is live with the ‚ÄòFox News Update‚Äô on Facebook Watch: https://t.co/hNrB8xzepH https://t.co/i4YVrV8xAI,0,@FoxNews
0.0,Mon Jul 30 20:00:19 +0000 2018,0.0,1.0,0.0,RT @ShepNewsTeam: AFTER THE SHOW: Shep will be live for today‚Äôs Fox News Afternoon Update on Facebook Watch at https://t.co/IpXcWDUA5J with‚Ä¶,0,@FoxNews
0.0,Mon Jul 30 19:59:34 +0000 2018,0.0,1.0,0.0,"Air marshals have secretly monitored US passengers for years, report says.  https://t.co/BaCM0i9cpv @ShepNewsTeam https://t.co/IVWnFlbRZX",0,@FoxNews
-0.7712,Mon Jul 30 19:48:54 +0000 2018,0.323,0.677,0.0,"Nicole Kidman captures giant tarantula from pool as kids scream in horror: 'Get back, mom!' https://t.co/e5C0LdfMMd",0,@FoxNews
0.7269,Mon Jul 30 19:36:42 +0000 2018,0.0,0.728,0.272,".@POTUS to Iran: ""They want to meet? I'll meet - any time they want...It's good for the country, good for them, goo‚Ä¶ https://t.co/mvbBuH264J",0,@FoxNews
0.0,Mon Jul 30 19:27:12 +0000 2018,0.0,1.0,0.0,RT @FoxBusiness: Chinese tariffs hit US almond exports https://t.co/hcRiZFPkJY,0,@FoxNews
-0.0772,Mon Jul 30 19:27:02 +0000 2018,0.217,0.635,0.148,"RT @FoxBusiness: FBI, DOJ stalling, hoping GOP loses House in midterms, Rep. @DevinNunes says
https://t.co/13mqk35Kh7",0,@FoxNews
0.0,Mon Jul 30 19:26:48 +0000 2018,0.0,1.0,0.0,"RT @FoxBusiness: Big Mac turns 50, McDonald's marks anniversary with 'MacCoin'  https://t.co/Q7Ze2IEPAG https://t.co/4btiNESUUJ",0,@FoxNews
0.4215,Mon Jul 30 19:13:06 +0000 2018,0.0,0.882,0.118,".@POTUS: ""I came along last year and, in a fairly nice tone, I said, 'You gotta pay,' and they paid $44 billion mor‚Ä¶ https://t.co/gPqxhSjM7Y",0,@FoxNews
0.34,Mon Jul 30 19:00:08 +0000 2018,0.0,0.87,0.13,".@POTUS: ""I would be certainly willing to consider a shutdown if we don't get proper border security."" https://t.co/y7hfvh49DW",0,@FoxNews
0.0,Mon Jul 30 18:54:12 +0000 2018,0.0,1.0,0.0,BREAKING: @POTUS offers to meet with Iranian President Rouhani with ‚Äúno preconditions‚Äù https://t.co/jNB6fyc64G,0,@FoxNews
0.34,Mon Jul 30 18:41:00 +0000 2018,0.0,0.876,0.124,".@POTUS to Italian Prime Minister Conte: ""We are both outsiders to politics...and we're both determined to protect‚Ä¶ https://t.co/hGDBokqWSZ",0,@FoxNews
0.6077,Mon Jul 30 18:35:55 +0000 2018,0.0,0.738,0.262,".@POTUS: ""America's booming economy, setting records in so many categories, creates enormous opportunities for inve‚Ä¶ https://t.co/XdAaNaeiDX",0,@FoxNews
-0.3818,Mon Jul 30 18:28:42 +0000 2018,0.16,0.742,0.098,".@POTUS: ""The [Italian] Prime Minister and I also agree that the brutal regime in Iran must never be allowed to pos‚Ä¶ https://t.co/iLQC8haR0Z",0,@FoxNews
0.8555,Mon Jul 30 18:19:47 +0000 2018,0.0,0.63,0.37,".@POTUS: ""The [Italian] Prime Minister and I are united in our conviction that strong nations must have strong bord‚Ä¶ https://t.co/GPybzZUwCW",0,@FoxNews
-0.1027,Mon Jul 30 18:17:49 +0000 2018,0.08,0.92,0.0,".@POTUS press conference with Italian Prime Minister: ""Our countries have learned through hard experience that bord‚Ä¶ https://t.co/laH5gv50lW",0,@FoxNews
0.4404,Mon Jul 30 18:12:33 +0000 2018,0.0,0.861,0.139,".@POTUS: ""Today Prime Minister Conte and I are pleased to announce a new strategic dialogue between Italy and the U‚Ä¶ https://t.co/r2S3lQBDXX",0,@FoxNews
0.0,Mon Jul 30 18:07:36 +0000 2018,0.0,1.0,0.0,.@POTUS and Prime Minister Giuseppe Conte of Italy hold a joint news conference. https://t.co/mXBPR4gfWf,0,@FoxNews
0.0,Mon Jul 30 18:06:08 +0000 2018,0.0,1.0,0.0,RT @FoxBusiness: .@POTUS and Italian Prime Minister Giuseppe Conte hold a joint press conference. https://t.co/ugeUBj5xJB,0,@FoxNews
-0.4215,Mon Jul 30 17:58:29 +0000 2018,0.284,0.579,0.137,How to avoid buying a stolen used car and protect yourself if you do https://t.co/OGBZ8M6SXA,0,@FoxNews
-0.3991,Mon Jul 30 17:49:07 +0000 2018,0.191,0.71,0.099,Minneapolis police release footage of fatal shooting of armed man; officers won't face charges https://t.co/YR75RCFVzY,0,@FoxNews
0.0,Mon Jul 30 17:33:18 +0000 2018,0.0,1.0,0.0,It 'Did Not Happen': Giuliani Says Cohen's Claim About Trump Tower Meeting Is 'Categorically Untrue' https://t.co/0eFU5T96Bl,0,@FoxNews
0.3612,Mon Jul 30 17:19:55 +0000 2018,0.0,0.828,0.172,".@POTUS unlikely to agree to Mueller interview, sources say; @johnrobertsFox reports https://t.co/lL5muP1Y0R‚Ä¶ https://t.co/e6SHTL2fr8",0,@FoxNews
0.0,Mon Jul 30 17:07:56 +0000 2018,0.0,1.0,0.0,Rudy Giuliani on a sit-down between @POTUS and Robert Mueller #Outnumbered https://t.co/nE5QVHkRIH,0,@FoxNews
0.0,Mon Jul 30 17:03:47 +0000 2018,0.0,1.0,0.0,"Boy, 6, survives 2 venomous snake bites within 8 days, prayed he would survive https://t.co/MTu3YRxYCd",0,@FoxNews
0.296,Mon Jul 30 16:59:22 +0000 2018,0.0,0.824,0.176,"Rudy Giuliani: ‚ÄúIf they want to talk about collusion‚Ä¶we might allow some questions on that."" #Outnumbered https://t.co/7yYz9XZEgG",0,@FoxNews
